,0
0,A
1,AA
2,AACG
3,AAL
4,AAMC
5,AAME
6,AAN
7,AAOI
8,AAON
9,AAP
10,AAPL
11,AAT
12,AAU
13,AAWW
14,AAXN
15,AB
16,ABB
17,ABBV
18,ABC
19,ABCB
20,ABEO
21,ABEV
22,ABG
23,ABIO
24,ABM
25,ABMD
26,ABR
27,ABT
28,ABTX
29,ABUS
30,AC
31,ACA
32,ACAD
33,ACAM
34,ACAMU
35,ACB
36,ACBI
37,ACC
38,ACCO
39,ACEL
40,ACER
41,ACGL
42,ACGLO
43,ACGLP
44,ACH
45,ACHC
46,ACHV
47,ACIA
48,ACIU
49,ACIW
50,ACLS
51,ACM
52,ACMR
53,ACN
54,ACNB
55,ACOR
56,ACP
57,ACRE
58,ACRS
59,ACRX
60,ACST
61,ACTG
62,ACTT
63,ACTTU
64,ACU
65,ACV
66,ACY
67,ADAP
68,ADBE
69,ADC
70,ADES
71,ADI
72,ADIL
73,ADM
74,ADMA
75,ADMP
76,ADMS
77,ADNT
78,ADP
79,ADPT
80,ADRO
81,ADS
82,ADSK
83,ADSW
84,ADT
85,ADTN
86,ADUS
87,ADVM
88,ADX
89,ADXN
90,ADXS
91,AE
92,AEB
93,AEE
94,AEF
95,AEFC
96,AEG
97,AEGN
98,AEHR
99,AEIS
100,AEL
101,AEM
102,AEMD
103,AEO
104,AEP
105,AER
106,AERI
107,AES
108,AESE
109,AEY
110,AEYE
111,AEZS
112,AFB
113,AFC
114,AFG
115,AFGC
116,AFGH
117,AFH
118,AFI
119,AFIN
120,AFINP
121,AFL
122,AFMD
123,AFT
124,AFYA
125,AG
126,AGBA
127,AGBAU
128,AGCO
129,AGD
130,AGE
131,AGEN
132,AGFS
133,AGI
134,AGIO
135,AGLE
136,AGM-A
137,AGM
138,AGMH
139,AGN
140,AGNC
141,AGNCM
142,AGNCN
143,AGNCO
144,AGNCP
145,AGO
146,AGR
147,AGRO
148,AGRX
149,AGS
150,AGTC
151,AGX
152,AGYS
153,AHC
154,AHCO
155,AHH
156,AHPI
157,AHT
158,AI
159,AIC
160,AIF
161,AIG
162,AIH
163,AIHS
164,AIKI
165,AIM
166,AIMC
167,AIMT
168,AIN
169,AINC
170,AINV
171,AIO
172,AIR
173,AIRG
174,AIRI
175,AIRT
176,AIRTP
177,AIT
178,AIV
179,AIW
180,AIZ
181,AIZP
182,AJG
183,AJRD
184,AJX
185,AJXA
186,AKAM
187,AKBA
188,AKCA
189,AKER
190,AKG
191,AKR
192,AKRO
193,AKRX
194,AKTS
195,AKTX
196,AL
197,ALAC
198,ALACR
199,ALACU
200,ALB
201,ALBO
202,ALC
203,ALCO
204,ALDX
205,ALE
206,ALEC
207,ALEX
208,ALG
209,ALGN
210,ALGR
211,ALGRU
212,ALGT
213,ALIM
214,ALJJ
215,ALK
216,ALKS
217,ALL
218,ALLE
219,ALLK
220,ALLO
221,ALLT
222,ALLY
223,ALNA
224,ALNY
225,ALO
226,ALOT
227,ALPN
228,ALRM
229,ALRN
230,ALRS
231,ALSK
232,ALSN
233,ALT
234,ALTG
235,ALTM
236,ALTR
237,ALUS
238,ALV
239,ALX
240,ALXN
241,ALYA
242,AM
243,AMAG
244,AMAL
245,AMAT
246,AMBA
247,AMBC
248,AMBO
249,AMC
250,AMCI
251,AMCIU
252,AMCR
253,AMCX
254,AMD
255,AME
256,AMED
257,AMEH
258,AMG
259,AMGN
260,AMH
261,AMHC
262,AMHCU
263,AMJ
264,AMK
265,AMKR
266,AMN
267,AMNB
268,AMOT
269,AMOV
270,AMP
271,AMPE
272,AMPH
273,AMPY
274,AMRB
275,AMRC
276,AMRH
277,AMRK
278,AMRN
279,AMRS
280,AMRX
281,AMS
282,AMSC
283,AMSF
284,AMSWA
285,AMT
286,AMTB
287,AMTBB
288,AMTD
289,AMTX
290,AMU
291,AMUB
292,AMWD
293,AMX
294,AMZN
295,AN
296,ANAB
297,ANAT
298,ANCN
299,ANDA
300,ANDAU
301,ANDE
302,ANET
303,ANF
304,ANGI
305,ANGO
306,ANH
307,ANIK
308,ANIP
309,ANIX
310,ANPC
311,ANSS
312,ANTE
313,ANTM
314,ANVS
315,ANY
316,AOBC
317,AOD
318,AON
319,AOS
320,AOSL
321,AP
322,APA
323,APAM
324,APD
325,APDN
326,APEI
327,APEN
328,APEX
329,APH
330,APHA
331,APLE
332,APLS
333,APLT
334,APM
335,APO
336,APOG
337,APOP
338,APPF
339,APPN
340,APPS
341,APRE
342,APRN
343,APT
344,APTO
345,APTS
346,APTV
347,APTX
348,APVO
349,APWC
350,APXT
351,APXTU
352,APY
353,APYX
354,AQB
355,AQMS
356,AQN
357,AQNA
358,AQNB
359,AQST
360,AQUA
361,AR
362,ARA
363,ARAV
364,ARAY
365,ARC
366,ARCB
367,ARCC
368,ARCE
369,ARCH
370,ARCO
371,ARCT
372,ARD
373,ARDC
374,ARDS
375,ARDX
376,ARE
377,AREC
378,ARES
379,ARGD
380,ARGO
381,ARGX
382,ARI
383,ARKR
384,ARL
385,ARLO
386,ARLP
387,ARMK
388,ARMP
389,ARNA
390,ARNC
391,AROC
392,AROW
393,ARPO
394,ARQT
395,ARR
396,ARTL
397,ARTNA
398,ARTW
399,ARVN
400,ARW
401,ARWR
402,ARYA
403,ARYAU
404,ASA
405,ASB
406,ASC
407,ASFI
408,ASG
409,ASGN
410,ASH
411,ASIX
412,ASLN
413,ASM
414,ASMB
415,ASML
416,ASNA
417,ASND
418,ASPN
419,ASPS
420,ASPU
421,ASR
422,ASRT
423,ASRV
424,ASRVP
425,ASTC
426,ASTE
427,ASUR
428,ASX
429,ASYS
430,AT
431,ATAX
432,ATCO
433,ATCX
434,ATEC
435,ATEN
436,ATEX
437,ATGE
438,ATH
439,ATHE
440,ATHM
441,ATHX
442,ATI
443,ATIF
444,ATKR
445,ATLC
446,ATLO
447,ATMP
448,ATNI
449,ATNM
450,ATNX
451,ATO
452,ATOM
453,ATOS
454,ATR
455,ATRA
456,ATRC
457,ATRI
458,ATRO
459,ATRS
460,ATSG
461,ATTO
462,ATUS
463,ATV
464,ATVI
465,ATXI
466,AU
467,AUB
468,AUBN
469,AUDC
470,AUG
471,AUMN
472,AUPH
473,AUTL
474,AUTO
475,AUY
476,AVA
477,AVAL
478,AVAV
479,AVB
480,AVCO
481,AVD
482,AVDL
483,AVEO
484,AVGO
485,AVGOP
486,AVGR
487,AVH
488,AVID
489,AVK
490,AVLR
491,AVNS
492,AVNW
493,AVRO
494,AVT
495,AVTR
496,AVXL
497,AVY
498,AVYA
499,AWF
500,AWI
501,AWK
502,AWP
503,AWR
504,AWRE
505,AWX
506,AX
507,AXAS
508,AXDX
509,AXE
510,AXGN
511,AXGT
512,AXL
513,AXLA
514,AXNX
515,AXO
516,AXP
517,AXR
518,AXS
519,AXSM
520,AXTA
521,AXTI
522,AXU
523,AY
524,AYI
525,AYTU
526,AYX
527,AZN
528,AZO
529,AZPN
530,AZRE
531,AZRX
532,AZUL
533,AZZ
534,B
535,BA
536,BABA
537,BAC
538,BAF
539,BAH
540,BAK
541,BAL
542,BAM
543,BANC
544,BAND
545,BANF
546,BANFP
547,BANR
548,BANX
549,BAP
550,BAR
551,BASI
552,BATL
553,BATRA
554,BATRK
555,BAX
556,BB
557,BBAR
558,BBBY
559,BBCP
560,BBD
561,BBDC
562,BBDO
563,BBF
564,BBGI
565,BBI
566,BBIO
567,BBK
568,BBL
569,BBN
570,BBQ
571,BBSI
572,BBU
573,BBVA
574,BBW
575,BBX
576,BBY
577,BC
578,BCBP
579,BCC
580,BCDA
581,BCE
582,BCEI
583,BCEL
584,BCH
585,BCLI
586,BCM
587,BCML
588,BCO
589,BCOM
590,BCOR
591,BCOV
592,BCOW
593,BCPC
594,BCRX
595,BCS
596,BCSF
597,BCTF
598,BCV
599,BCX
600,BCYC
601,BDC
602,BDCS
603,BDCZ
604,BDGE
605,BDJ
606,BDL
607,BDN
608,BDR
609,BDSI
610,BDTX
611,BDX
612,BDXA
613,BE
614,BEAM
615,BEAT
616,BECN
617,BEDU
618,BELFA
619,BELFB
620,BEN
621,BEP
622,BERY
623,BEST
624,BFAM
625,BFC
626,BFIN
627,BFK
628,BFO
629,BFRA
630,BFS
631,BFST
632,BFY
633,BFYT
634,BFZ
635,BG
636,BGB
637,BGCP
638,BGFV
639,BGG
640,BGH
641,BGI
642,BGIO
643,BGNE
644,BGR
645,BGS
646,BGSF
647,BGT
648,BGX
649,BGY
650,BH
651,BHAT
652,BHB
653,BHC
654,BHE
655,BHF
656,BHFAL
657,BHFAP
658,BHK
659,BHLB
660,BHP
661,BHR
662,BHTG
663,BHV
664,BHVN
665,BIDU
666,BIF
667,BIG
668,BIIB
669,BILI
670,BILL
671,BIMI
672,BIO
673,BIOC
674,BIOL
675,BIOX
676,BIP
677,BIT
678,BITA
679,BJ
680,BJRI
681,BK
682,BKCC
683,BKD
684,BKE
685,BKEP
686,BKEPP
687,BKH
688,BKI
689,BKK
690,BKN
691,BKNG
692,BKR
693,BKSC
694,BKT
695,BKTI
696,BKU
697,BKYI
698,BL
699,BLBD
700,BLCM
701,BLD
702,BLDP
703,BLDR
704,BLE
705,BLFS
706,BLIN
707,BLK
708,BLKB
709,BLL
710,BLMN
711,BLNK
712,BLPH
713,BLRX
714,BLU
715,BLUE
716,BLW
717,BLX
718,BMA
719,BMCH
720,BME
721,BMEZ
722,BMI
723,BMLP
724,BMO
725,BMRA
726,BMRC
727,BMRN
728,BMTC
729,BMY
730,BNED
731,BNFT
732,BNGO
733,BNKD
734,BNKO
735,BNKU
736,BNKZ
737,BNS
738,BNSO
739,BNTC
740,BNTX
741,BNY
742,BOCH
743,BOE
744,BOH
745,BOKF
746,BOKFL
747,BOMN
748,BOOM
749,BOOT
750,BORR
751,BOSC
752,BOTJ
753,BOX
754,BOXL
755,BP
756,BPFH
757,BPMC
758,BPMP
759,BPMX
760,BPOP
761,BPOPM
762,BPOPN
763,BPRN
764,BPT
765,BPTH
766,BPY
767,BPYPN
768,BPYPO
769,BPYPP
770,BPYU
771,BPYUP
772,BQH
773,BR
774,BRBR
775,BRBS
776,BRC
777,BREW
778,BRFS
779,BRG
780,BRID
781,BRKL
782,BRKR
783,BRKS
784,BRMK
785,BRN
786,BRO
787,BROG
788,BRP
789,BRPA
790,BRPAR
791,BRPAU
792,BRQS
793,BRT
794,BRX
795,BRY
796,BSA
797,BSAC
798,BSBK
799,BSBR
800,BSD
801,BSE
802,BSET
803,BSGM
804,BSIG
805,BSL
806,BSM
807,BSMX
808,BSQR
809,BSRR
810,BST
811,BSTC
812,BSTZ
813,BSVN
814,BSX
815,BTA
816,BTAI
817,BTE
818,BTG
819,BTI
820,BTN
821,BTO
822,BTT
823,BTU
824,BTZ
825,BUD
826,BUI
827,BURL
828,BUSE
829,BV
830,BVN
831,BVSN
832,BVXV
833,BW
834,BWA
835,BWAY
836,BWB
837,BWEN
838,BWFG
839,BWG
840,BWMX
841,BWXT
842,BX
843,BXC
844,BXG
845,BXMT
846,BXMX
847,BXP
848,BXRX
849,BXS
850,BY
851,BYD
852,BYFC
853,BYM
854,BYND
855,BYSI
856,BZH
857,BZM
858,BZUN
859,C
860,CAAP
861,CAAS
862,CABA
863,CABO
864,CAC
865,CACC
866,CACI
867,CADE
868,CAE
869,CAF
870,CAG
871,CAH
872,CAI
873,CAJ
874,CAKE
875,CAL
876,CALA
877,CALB
878,CALM
879,CALX
880,CAMP
881,CAMT
882,CAN
883,CANF
884,CANG
885,CAPE
886,CAPL
887,CAPR
888,CAR
889,CARA
890,CARE
891,CARG
892,CARO
893,CARR#
894,CARS
895,CARV
896,CASA
897,CASH
898,CASI
899,CASS
900,CASY
901,CAT
902,CATB
903,CATC
904,CATM
905,CATO
906,CATS
907,CATY
908,CB
909,CBAN
910,CBAT
911,CBAY
912,CBB
913,CBD
914,CBFV
915,CBH
916,CBIO
917,CBL
918,CBLI
919,CBMB
920,CBMG
921,CBNK
922,CBOE
923,CBPO
924,CBRE
925,CBRL
926,CBSH
927,CBSHP
928,CBT
929,CBTX
930,CBU
931,CBZ
932,CC
933,CCAP
934,CCB
935,CCBG
936,CCC
937,CCCL
938,CCD
939,CCEP
940,CCF
941,CCH
942,CCI
943,CCJ
944,CCK
945,CCL
946,CCLP
947,CCM
948,CCMP
949,CCNE
950,CCO
951,CCOI
952,CCR
953,CCRC
954,CCRN
955,CCS
956,CCU
957,CCX
958,CCXI
959,CCZ
960,CDAY
961,CDE
962,CDEV
963,CDK
964,CDLX
965,CDMO
966,CDMOP
967,CDNA
968,CDNS
969,CDOR
970,CDR
971,CDTX
972,CDW
973,CDXC
974,CDXS
975,CDZI
976,CE
977,CEA
978,CECE
979,CEE
980,CEI
981,CEIX
982,CEL
983,CELC
984,CELH
985,CELP
986,CEM
987,CEMI
988,CEN
989,CENT
990,CENTA
991,CENX
992,CEO
993,CEPU
994,CEQP
995,CERC
996,CERN
997,CERS
998,CET
999,CETV
1000,CETX
1001,CETXP
1002,CEV
1003,CEVA
1004,CF
1005,CFB
1006,CFBI
1007,CFBK
1008,CFFA
1009,CFFAU
1010,CFFI
1011,CFFN
1012,CFG
1013,CFMS
1014,CFR
1015,CFRX
1016,CFX
1017,CFXA
1018,CG
1019,CGA
1020,CGBD
1021,CGC
1022,CGEN
1023,CGIX
1024,CGNX
1025,CGO
1026,CHA
1027,CHAP
1028,CHCI
1029,CHCO
1030,CHCT
1031,CHD
1032,CHDN
1033,CHE
1034,CHEF
1035,CHEK
1036,CHFS
1037,CHGG
1038,CHH
1039,CHI
1040,CHK
1041,CHKP
1042,CHL
1043,CHMA
1044,CHMG
1045,CHMI
1046,CHN
1047,CHNG
1048,CHNGU
1049,CHNR
1050,CHPM
1051,CHPMU
1052,CHRA
1053,CHRS
1054,CHRW
1055,CHS
1056,CHSCL
1057,CHSCM
1058,CHSCN
1059,CHSCO
1060,CHSCP
1061,CHT
1062,CHTR
1063,CHU
1064,CHUY
1065,CHW
1066,CHWY
1067,CHY
1068,CI
1069,CIA
1070,CIB
1071,CIDM
1072,CIEN
1073,CIF
1074,CIFS
1075,CIG
1076,CIGI
1077,CIH
1078,CII
1079,CIIC
1080,CIICU
1081,CIK
1082,CIM
1083,CINF
1084,CINR
1085,CIO
1086,CIR
1087,CIT
1088,CIVB
1089,CIX
1090,CIZN
1091,CJJD
1092,CKH
1093,CKPT
1094,CKX
1095,CL
1096,CLAR
1097,CLB
1098,CLBK
1099,CLBS
1100,CLCT
1101,CLDB
1102,CLDR
1103,CLDT
1104,CLDX
1105,CLF
1106,CLFD
1107,CLGN
1108,CLGX
1109,CLH
1110,CLI
1111,CLIR
1112,CLLS
1113,CLM
1114,CLMT
1115,CLNC
1116,CLNE
1117,CLNY
1118,CLPR
1119,CLPS
1120,CLPT
1121,CLR
1122,CLRB
1123,CLRO
1124,CLS
1125,CLSD
1126,CLSK
1127,CLSN
1128,CLUB
1129,CLVS
1130,CLW
1131,CLWT
1132,CLX
1133,CLXT
1134,CM
1135,CMA
1136,CMBM
1137,CMC
1138,CMCL
1139,CMCM
1140,CMCO
1141,CMCSA
1142,CMCT
1143,CMCTP
1144,CMD
1145,CME
1146,CMG
1147,CMI
1148,CMLS
1149,CMO
1150,CMP
1151,CMPR
1152,CMRE
1153,CMRX
1154,CMS
1155,CMSA
1156,CMSC
1157,CMSD
1158,CMT
1159,CMTL
1160,CMU
1161,CNA
1162,CNAT
1163,CNBKA
1164,CNC
1165,CNCE
1166,CNDT
1167,CNET
1168,CNF
1169,CNFR
1170,CNFRL
1171,CNHI
1172,CNI
1173,CNK
1174,CNMD
1175,CNNB
1176,CNNE
1177,CNO
1178,CNOB
1179,CNP
1180,CNQ
1181,CNR
1182,CNS
1183,CNSL
1184,CNSP
1185,CNST
1186,CNTG
1187,CNTY
1188,CNX
1189,CNXM
1190,CNXN
1191,CO
1192,COCP
1193,CODA
1194,CODI
1195,CODX
1196,COE
1197,COF
1198,COFS
1199,COG
1200,COHN
1201,COHR
1202,COHU
1203,COKE
1204,COLB
1205,COLD
1206,COLL
1207,COLM
1208,COMM
1209,CONE
1210,CONN
1211,COO
1212,COOP
1213,COP
1214,COR
1215,CORE
1216,CORR
1217,CORT
1218,CORV
1219,COST
1220,COTY
1221,COUP
1222,COW
1223,COWN
1224,COWNL
1225,COWNZ
1226,CP
1227,CPA
1228,CPAA
1229,CPAAU
1230,CPAC
1231,CPAH
1232,CPB
1233,CPE
1234,CPF
1235,CPG
1236,CPHC
1237,CPHI
1238,CPIX
1239,CPK
1240,CPLG
1241,CPLP
1242,CPRI
1243,CPRT
1244,CPRX
1245,CPS
1246,CPSH
1247,CPSI
1248,CPSS
1249,CPST
1250,CPT
1251,CPTA
1252,CPTAG
1253,CPTAL
1254,CPZ
1255,CQP
1256,CR
1257,CRAI
1258,CRBP
1259,CRC
1260,CREE
1261,CREG
1262,CRESY
1263,CREX
1264,CRF
1265,CRH
1266,CRHM
1267,CRI
1268,CRIS
1269,CRK
1270,CRL
1271,CRM
1272,CRMD
1273,CRMT
1274,CRNC
1275,CRNT
1276,CRNX
1277,CROC
1278,CRON
1279,CROX
1280,CRS
1281,CRSA
1282,CRSAU
1283,CRSP
1284,CRT
1285,CRTO
1286,CRTX
1287,CRUS
1288,CRVL
1289,CRVS
1290,CRWD
1291,CRWS
1292,CRY
1293,CS
1294,CSBR
1295,CSCO
1296,CSFL
1297,CSGP
1298,CSGS
1299,CSII
1300,CSIQ
1301,CSL
1302,CSLT
1303,CSOD
1304,CSPI
1305,CSPR
1306,CSQ
1307,CSSE
1308,CSSEP
1309,CSTE
1310,CSTL
1311,CSTM
1312,CSTR
1313,CSU
1314,CSV
1315,CSWC
1316,CSWCL
1317,CSWI
1318,CSX
1319,CTAA
1320,CTAS
1321,CTB
1322,CTBB
1323,CTBI
1324,CTDD
1325,CTEK
1326,CTG
1327,CTHR
1328,CTIB
1329,CTIC
1330,CTK
1331,CTL
1332,CTLT
1333,CTMX
1334,CTO
1335,CTR
1336,CTRA
1337,CTRC
1338,CTRE
1339,CTRM
1340,CTRN
1341,CTS
1342,CTSH
1343,CTSO
1344,CTT
1345,CTV
1346,CTVA
1347,CTXR
1348,CTXS
1349,CTY
1350,CTZ
1351,CUB
1352,CUBA
1353,CUBB
1354,CUBE
1355,CUBI
1356,CUE
1357,CUI
1358,CUK
1359,CULP
1360,CUO
1361,CURO
1362,CUTR
1363,CUZ
1364,CVA
1365,CVBF
1366,CVCO
1367,CVCY
1368,CVE
1369,CVEO
1370,CVET
1371,CVGI
1372,CVGW
1373,CVI
1374,CVIA
1375,CVLT
1376,CVLY
1377,CVM
1378,CVNA
1379,CVR
1380,CVS
1381,CVTI
1382,CVU
1383,CVV
1384,CVX
1385,CW
1386,CWBC
1387,CWBR
1388,CWCO
1389,CWEN
1390,CWH
1391,CWK
1392,CWST
1393,CWT
1394,CX
1395,CXDC
1396,CXE
1397,CXH
1398,CXO
1399,CXP
1400,CXW
1401,CY
1402,CYAD
1403,CYAN
1404,CYBE
1405,CYBR
1406,CYCC
1407,CYCCP
1408,CYCN
1409,CYD
1410,CYH
1411,CYOU
1412,CYRN
1413,CYRX
1414,CYTK
1415,CZNC
1416,CZR
1417,CZWI
1418,CZZ
1419,D
1420,DAC
1421,DAIO
1422,DAKT
1423,DAL
1424,DAN
1425,DAO
1426,DAR
1427,DARE
1428,DAUD
1429,DAVA
1430,DB
1431,DBD
1432,DBI
1433,DBL
1434,DBVT
1435,DBX
1436,DCAR
1437,DCF
1438,DCHF
1439,DCI
1440,DCO
1441,DCOM
1442,DCOMP
1443,DCP
1444,DCPH
1445,DCUE
1446,DD
1447,DDD
1448,DDF
1449,DDOG
1450,DDS
1451,DDT
1452,DE
1453,DEA
1454,DEAC
1455,DEACU
1456,DECK
1457,DEI
1458,DELL
1459,DENN
1460,DEO
1461,DESP
1462,DEUR
1463,DEX
1464,DFFN
1465,DFIN
1466,DFNS
1467,DFP
1468,DFS
1469,DFVL
1470,DFVS
1471,DG
1472,DGAZ
1473,DGBP
1474,DGICA
1475,DGICB
1476,DGII
1477,DGLD
1478,DGLY
1479,DGP
1480,DGX
1481,DGZ
1482,DHC
1483,DHCNI
1484,DHF
1485,DHI
1486,DHIL
1487,DHR
1488,DHT
1489,DHX
1490,DHY
1491,DIAX
1492,DIN
1493,DIOD
1494,DIS
1495,DISCA
1496,DISCB
1497,DISCK
1498,DISH
1499,DIT
1500,DIVC
1501,DJCI
1502,DJCO
1503,DJP
1504,DJPY
1505,DK
1506,DKL
1507,DKS
1508,DL
1509,DLA
1510,DLB
1511,DLHC
1512,DLNG
1513,DLPH
1514,DLPN
1515,DLR
1516,DLTH
1517,DLTR
1518,DLX
1519,DLY
1520,DMAC
1521,DMB
1522,DMF
1523,DMLP
1524,DMO
1525,DMPI
1526,DMRC
1527,DMTK
1528,DNI
1529,DNJR
1530,DNK
1531,DNKN
1532,DNLI
1533,DNN
1534,DNOW
1535,DNP
1536,DNR
1537,DO
1538,DOC
1539,DOCU
1540,DOGZ
1541,DOMO
1542,DOOO
1543,DOOR
1544,DORM
1545,DOV
1546,DOW
1547,DOX
1548,DOYU
1549,DPG
1550,DPHC
1551,DPHCU
1552,DPW
1553,DPZ
1554,DQ
1555,DRAD
1556,DRADP
1557,DRD
1558,DRE
1559,DRH
1560,DRI
1561,DRIO
1562,DRNA
1563,DRQ
1564,DRR
1565,DRRX
1566,DRTT
1567,DRUA
1568,DS
1569,DSE
1570,DSGX
1571,DSKE
1572,DSL
1573,DSLV
1574,DSM
1575,DSPG
1576,DSS
1577,DSSI
1578,DSU
1579,DSWL
1580,DSX
1581,DT
1582,DTE
1583,DTEA
1584,DTF
1585,DTIL
1586,DTJ
1587,DTO
1588,DTP
1589,DTQ
1590,DTSS
1591,DTUL
1592,DTUS
1593,DTW
1594,DTY
1595,DTYL
1596,DUC
1597,DUK
1598,DUKB
1599,DUKH
1600,DUO
1601,DUOT
1602,DVA
1603,DVAX
1604,DVD
1605,DVN
1606,DWSN
1607,DX
1608,DXB
1609,DXC
1610,DXCM
1611,DXF
1612,DXLG
1613,DXPE
1614,DXR
1615,DXYN
1616,DY
1617,DYAI
1618,DYNT
1619,DZSI
1620,DZZ
1621,E
1622,EA
1623,EAB
1624,EAD
1625,EAE
1626,EAF
1627,EAI
1628,EARN
1629,EARS
1630,EAST
1631,EAT
1632,EB
1633,EBAY
1634,EBAYL
1635,EBF
1636,EBIX
1637,EBMT
1638,EBR
1639,EBS
1640,EBSB
1641,EBTC
1642,EC
1643,ECC
1644,ECCB
1645,ECCX
1646,ECCY
1647,ECF
1648,ECHO
1649,ECL
1650,ECOL
1651,ECOM
1652,ECOR
1653,ECPG
1654,ECT
1655,ED
1656,EDAP
1657,EDD
1658,EDF
1659,EDI
1660,EDIT
1661,EDN
1662,EDNT
1663,EDRY
1664,EDSA
1665,EDU
1666,EDUC
1667,EE
1668,EEA
1669,EEFT
1670,EEH
1671,EEX
1672,EFC
1673,EFF
1674,EFL
1675,EFOI
1676,EFR
1677,EFSC
1678,EFT
1679,EFX
1680,EGAN
1681,EGBN
1682,EGF
1683,EGHT
1684,EGIF
1685,EGLE
1686,EGO
1687,EGOV
1688,EGP
1689,EGRX
1690,EGY
1691,EH
1692,EHC
1693,EHI
1694,EHT
1695,EHTH
1696,EIC
1697,EIDX
1698,EIG
1699,EIGI
1700,EIGR
1701,EIM
1702,EIX
1703,EKSO
1704,EL
1705,ELA
1706,ELAN
1707,ELAT
1708,ELC
1709,ELF
1710,ELGX
1711,ELJ
1712,ELLO
1713,ELMD
1714,ELOX
1715,ELP
1716,ELS
1717,ELSE
1718,ELTK
1719,ELU
1720,ELVT
1721,ELY
1722,EMAN
1723,EMCF
1724,EMD
1725,EME
1726,EMF
1727,EMKR
1728,EML
1729,EMMS
1730,EMN
1731,EMO
1732,EMP
1733,EMR
1734,EMX
1735,ENB
1736,ENBA
1737,ENBL
1738,ENDP
1739,ENG
1740,ENIA
1741,ENIC
1742,ENJ
1743,ENLC
1744,ENLV
1745,ENO
1746,ENOB
1747,ENPH
1748,ENR
1749,ENS
1750,ENSG
1751,ENSV
1752,ENT
1753,ENTA
1754,ENTG
1755,ENTX
1756,ENV
1757,ENVA
1758,ENX
1759,ENZ
1760,EOD
1761,EOG
1762,EOI
1763,EOLS
1764,EOS
1765,EOT
1766,EPAC
1767,EPAM
1768,EPAY
1769,EPC
1770,EPD
1771,EPIX
1772,EPM
1773,EPR
1774,EPRT
1775,EPSN
1776,EPZM
1777,EQ
1778,EQBK
1779,EQC
1780,EQH
1781,EQIX
1782,EQM
1783,EQNR
1784,EQR
1785,EQS
1786,EQT
1787,EQX
1788,ERA
1789,ERC
1790,ERF
1791,ERH
1792,ERI
1793,ERIC
1794,ERIE
1795,ERII
1796,ERJ
1797,EROS
1798,ERYP
1799,ES
1800,ESBA
1801,ESBK
1802,ESCA
1803,ESE
1804,ESEA
1805,ESGR
1806,ESGRO
1807,ESGRP
1808,ESI
1809,ESLT
1810,ESNT
1811,ESP
1812,ESPR
1813,ESQ
1814,ESRT
1815,ESS
1816,ESSA
1817,ESSC
1818,ESSCU
1819,ESTA
1820,ESTC
1821,ESTE
1822,ESXB
1823,ET
1824,ETB
1825,ETFC
1826,ETG
1827,ETH
1828,ETJ
1829,ETM
1830,ETN
1831,ETNB
1832,ETO
1833,ETON
1834,ETR
1835,ETRN
1836,ETSY
1837,ETTX
1838,ETV
1839,ETW
1840,ETX
1841,ETY
1842,EUFX
1843,EURN
1844,EV
1845,EVA
1846,EVBG
1847,EVBN
1848,EVC
1849,EVER
1850,EVF
1851,EVFM
1852,EVG
1853,EVGBC
1854,EVGN
1855,EVH
1856,EVI
1857,EVK
1858,EVLMC
1859,EVLO
1860,EVM
1861,EVN
1862,EVOK
1863,EVOL
1864,EVOP
1865,EVR
1866,EVRG
1867,EVRI
1868,EVSI
1869,EVSTC
1870,EVT
1871,EVTC
1872,EVV
1873,EVY
1874,EW
1875,EWBC
1876,EXAS
1877,EXC
1878,EXD
1879,EXEL
1880,EXFO
1881,EXG
1882,EXK
1883,EXLS
1884,EXP
1885,EXPC
1886,EXPCU
1887,EXPD
1888,EXPE
1889,EXPI
1890,EXPO
1891,EXPR
1892,EXR
1893,EXTN
1894,EXTR
1895,EYE
1896,EYEG
1897,EYEN
1898,EYES
1899,EYPT
1900,EZPW
1901,EZT
1902,F
1903,FAF
1904,FAM
1905,FAMI
1906,FANG
1907,FANH
1908,FARM
1909,FARO
1910,FAST
1911,FAT
1912,FATE
1913,FAX
1914,FB
1915,FBC
1916,FBGX
1917,FBHS
1918,FBIO
1919,FBIOP
1920,FBIZ
1921,FBK
1922,FBM
1923,FBMS
1924,FBNC
1925,FBP
1926,FBSS
1927,FC
1928,FCAP
1929,FCAU
1930,FCBC
1931,FCBP
1932,FCCO
1933,FCCY
1934,FCEL
1935,FCF
1936,FCFS
1937,FCN
1938,FCNCA
1939,FCNCP
1940,FCO
1941,FCPT
1942,FCT
1943,FCX
1944,FDBC
1945,FDEF
1946,FDEU
1947,FDP
1948,FDS
1949,FDUS
1950,FDUSG
1951,FDUSZ
1952,FDX
1953,FE
1954,FEDU
1955,FEI
1956,FEIM
1957,FELE
1958,FEN
1959,FENC
1960,FENG
1961,FEO
1962,FET
1963,FEUL
1964,FEYE
1965,FF
1966,FFA
1967,FFBC
1968,FFBW
1969,FFC
1970,FFEU
1971,FFG
1972,FFHL
1973,FFIC
1974,FFIN
1975,FFIV
1976,FFNW
1977,FFWM
1978,FG
1979,FGB
1980,FGBI
1981,FGEN
1982,FHB
1983,FHI
1984,FHN
1985,FI
1986,FIBK
1987,FICO
1988,FIEE
1989,FIF
1990,FIHD
1991,FINS
1992,FINV
1993,FIS
1994,FISI
1995,FISK
1996,FISV
1997,FIT
1998,FITB
1999,FITBI
2000,FITBO
2001,FITBP
2002,FIV
2003,FIVE
2004,FIVN
2005,FIX
2006,FIXX
2007,FIYY
2008,FIZZ
2009,FL
2010,FLAT
2011,FLC
2012,FLDM
2013,FLEX
2014,FLGE
2015,FLGT
2016,FLIC
2017,FLIR
2018,FLL
2019,FLMN
2020,FLNG
2021,FLNT
2022,FLO
2023,FLOW
2024,FLR
2025,FLS
2026,FLT
2027,FLWS
2028,FLXN
2029,FLXS
2030,FLY
2031,FMAO
2032,FMBH
2033,FMBI
2034,FMC
2035,FMCI
2036,FMCIU
2037,FMN
2038,FMNB
2039,FMO
2040,FMS
2041,FMX
2042,FMY
2043,FN
2044,FNB
2045,FNCB
2046,FND
2047,FNF
2048,FNGD
2049,FNGO
2050,FNGU
2051,FNGZ
2052,FNHC
2053,FNJN
2054,FNKO
2055,FNLC
2056,FNV
2057,FNWB
2058,FOCS
2059,FOE
2060,FOF
2061,FOLD
2062,FONR
2063,FOR
2064,FORD
2065,FORK
2066,FORM
2067,FORR
2068,FORTY
2069,FOSL
2070,FOX
2071,FOXA
2072,FOXF
2073,FPAC
2074,FPAY
2075,FPF
2076,FPH
2077,FPI
2078,FPL
2079,FPRX
2080,FR
2081,FRA
2082,FRAF
2083,FRAN
2084,FRBA
2085,FRBK
2086,FRC
2087,FRD
2088,FREQ
2089,FRG
2090,FRGI
2091,FRHC
2092,FRLG
2093,FRME
2094,FRO
2095,FRPH
2096,FRPT
2097,FRSX
2098,FRT
2099,FRTA
2100,FSB
2101,FSBC
2102,FSBW
2103,FSCT
2104,FSD
2105,FSEA
2106,FSFG
2107,FSI
2108,FSK
2109,FSLR
2110,FSLY
2111,FSM
2112,FSP
2113,FSRV
2114,FSRVU
2115,FSS
2116,FSTR
2117,FSV
2118,FT
2119,FTAC
2120,FTACU
2121,FTAI
2122,FTCH
2123,FTDR
2124,FTEK
2125,FTF
2126,FTFT
2127,FTI
2128,FTK
2129,FTNT
2130,FTR
2131,FTS
2132,FTSI
2133,FTSV
2134,FTV
2135,FUD
2136,FUE
2137,FUL
2138,FULC
2139,FULT
2140,FUN
2141,FUNC
2142,FUND
2143,FUSB
2144,FUTU
2145,FUV
2146,FVCB
2147,FVE
2148,FVRR
2149,FWONA
2150,FWONK
2151,FWP
2152,FWRD
2153,FXNC
2154,G
2155,GAB
2156,GABC
2157,GAIA
2158,GAIN
2159,GAINL
2160,GAINM
2161,GALT
2162,GAM
2163,GARS
2164,GASS
2165,GATX
2166,GAZ
2167,GBAB
2168,GBCI
2169,GBDC
2170,GBL
2171,GBLI
2172,GBLIZ
2173,GBR
2174,GBT
2175,GBX
2176,GCAP
2177,GCBC
2178,GCE
2179,GCI
2180,GCO
2181,GCP
2182,GCV
2183,GD
2184,GDDY
2185,GDEN
2186,GDL
2187,GDO
2188,GDOT
2189,GDP
2190,GDS
2191,GDV
2192,GDYN
2193,GE
2194,GEC
2195,GECC
2196,GECCN
2197,GEF
2198,GEL
2199,GEN
2200,GENC
2201,GENE
2202,GEO
2203,GEOS
2204,GER
2205,GERN
2206,GES
2207,GEVO
2208,GF
2209,GFED
2210,GFF
2211,GFI
2212,GFL
2213,GFLU
2214,GFN
2215,GFNCP
2216,GFY
2217,GGAL
2218,GGB
2219,GGG
2220,GGM
2221,GGN
2222,GGO
2223,GGT
2224,GGZ
2225,GH
2226,GHC
2227,GHG
2228,GHIV
2229,GHIVU
2230,GHL
2231,GHM
2232,GHSI
2233,GHY
2234,GIB
2235,GIFI
2236,GIGM
2237,GIII
2238,GIL
2239,GILD
2240,GILT
2241,GIM
2242,GIS
2243,GIX
2244,GJH
2245,GJO
2246,GJP
2247,GJR
2248,GJS
2249,GJT
2250,GKOS
2251,GL
2252,GLAD
2253,GLADD
2254,GLADL
2255,GLBS
2256,GLBZ
2257,GLDD
2258,GLDI
2259,GLEO
2260,GLG
2261,GLIBA
2262,GLIBP
2263,GLMD
2264,GLNG
2265,GLO
2266,GLOB
2267,GLOG
2268,GLOP
2269,GLP
2270,GLPG
2271,GLPI
2272,GLQ
2273,GLRE
2274,GLT
2275,GLU
2276,GLUU
2277,GLV
2278,GLW
2279,GLYC
2280,GM
2281,GMAB
2282,GMDA
2283,GME
2284,GMED
2285,GMHI
2286,GMHIU
2287,GMLP
2288,GMLPP
2289,GMO
2290,GMRE
2291,GMS
2292,GMTA
2293,GMZ
2294,GNAF
2295,GNC
2296,GNCA
2297,GNE
2298,GNFT
2299,GNK
2300,GNL
2301,GNLN
2302,GNMK
2303,GNPX
2304,GNRC
2305,GNRSU
2306,GNSS
2307,GNT
2308,GNTX
2309,GNTY
2310,GNUS
2311,GNW
2312,GO
2313,GOF
2314,GOGL
2315,GOGO
2316,GOL
2317,GOLD
2318,GOLF
2319,GOOD
2320,GOODM
2321,GOODN
2322,GOOG
2323,GOOGL
2324,GOOS
2325,GORO
2326,GOSS
2327,GPAQ
2328,GPAQU
2329,GPC
2330,GPI
2331,GPJA
2332,GPK
2333,GPL
2334,GPM
2335,GPMT
2336,GPN
2337,GPOR
2338,GPP
2339,GPRE
2340,GPRK
2341,GPRO
2342,GPS
2343,GPX
2344,GRA
2345,GRAF
2346,GRAM
2347,GRBK
2348,GRC
2349,GRF
2350,GRFS
2351,GRIF
2352,GRIL
2353,GRIN
2354,GRMN
2355,GRN
2356,GRNQ
2357,GRNV
2358,GRNVU
2359,GROW
2360,GRPN
2361,GRTS
2362,GRTX
2363,GRU
2364,GRUB
2365,GRVY
2366,GRWG
2367,GRX
2368,GS
2369,GSAT
2370,GSB
2371,GSBC
2372,GSBD
2373,GSC
2374,GSH
2375,GSHD
2376,GSIT
2377,GSK
2378,GSKY
2379,GSL
2380,GSLD
2381,GSM
2382,GSMG
2383,GSP
2384,GSS
2385,GSUM
2386,GSV
2387,GSX
2388,GT
2389,GTE
2390,GTEC
2391,GTES
2392,GTHX
2393,GTIM
2394,GTLS
2395,GTN
2396,GTS
2397,GTT
2398,GTX
2399,GTY
2400,GTYH
2401,GURE
2402,GUT
2403,GV
2404,GVA
2405,GVP
2406,GWB
2407,GWGH
2408,GWPH
2409,GWRE
2410,GWRS
2411,GWW
2412,GXGX
2413,GXGXU
2414,GYC
2415,GYRO
2416,H
2417,HA
2418,HAE
2419,HAFC
2420,HAIN
2421,HAL
2422,HALL
2423,HALO
2424,HAPP
2425,HARP
2426,HAS
2427,HASI
2428,HAYN
2429,HBAN
2430,HBANN
2431,HBANO
2432,HBB
2433,HBCP
2434,HBI
2435,HBIO
2436,HBM
2437,HBMD
2438,HBNC
2439,HBP
2440,HBT
2441,HCA
2442,HCAC
2443,HCACU
2444,HCAP
2445,HCAT
2446,HCC
2447,HCCH
2448,HCCHU
2449,HCCI
2450,HCCO
2451,HCCOU
2452,HCFT
2453,HCHC
2454,HCI
2455,HCKT
2456,HCM
2457,HCR
2458,HCSG
2459,HCXY
2460,HCXZ
2461,HD
2462,HDB
2463,HDS
2464,HDSN
2465,HE
2466,HEAR
2467,HEBT
2468,HEES
2469,HEI
2470,HELE
2471,HEP
2472,HEPA
2473,HEQ
2474,HES
2475,HESM
2476,HEXO
2477,HFBL
2478,HFC
2479,HFFG
2480,HFRO
2481,HFWA
2482,HGH
2483,HGLB
2484,HGSH
2485,HGV
2486,HHC
2487,HHHH
2488,HHHHU
2489,HHR
2490,HHS
2491,HHT
2492,HI
2493,HIBB
2494,HIE
2495,HIFS
2496,HIG
2497,HIHO
2498,HII
2499,HIL
2500,HIMX
2501,HIO
2502,HIW
2503,HIX
2504,HJLI
2505,HJLIW
2506,HJV
2507,HKIB
2508,HL
2509,HLF
2510,HLG
2511,HLI
2512,HLIO
2513,HLIT
2514,HLNE
2515,HLT
2516,HLX
2517,HMC
2518,HMG
2519,HMHC
2520,HMI
2521,HMLP
2522,HMN
2523,HMNF
2524,HMST
2525,HMSY
2526,HMTV
2527,HMY
2528,HNGR
2529,HNI
2530,HNNA
2531,HNP
2532,HNRG
2533,HNW
2534,HOFT
2535,HOG
2536,HOLI
2537,HOLX
2538,HOMB
2539,HOME
2540,HON
2541,HONE
2542,HOOK
2543,HOPE
2544,HOTH
2545,HOV
2546,HOVNP
2547,HP
2548,HPE
2549,HPF
2550,HPI
2551,HPP
2552,HPQ
2553,HPR
2554,HPS
2555,HQH
2556,HQI
2557,HQL
2558,HQY
2559,HR
2560,HRB
2561,HRC
2562,HRI
2563,HRL
2564,HROW
2565,HRTG
2566,HRTX
2567,HRZN
2568,HSBC
2569,HSC
2570,HSDT
2571,HSIC
2572,HSII
2573,HSKA
2574,HSON
2575,HST
2576,HSTM
2577,HSY
2578,HT
2579,HTA
2580,HTBI
2581,HTBK
2582,HTBX
2583,HTD
2584,HTFA
2585,HTGC
2586,HTGM
2587,HTH
2588,HTHT
2589,HTIA
2590,HTLD
2591,HTLF
2592,HTY
2593,HTZ
2594,HUBB
2595,HUBG
2596,HUBS
2597,HUD
2598,HUGE
2599,HUIZ
2600,HUM
2601,HUN
2602,HURC
2603,HURN
2604,HUSA
2605,HUYA
2606,HVBC
2607,HVT
2608,HWBK
2609,HWC
2610,HWCC
2611,HWCPL
2612,HWKN
2613,HX
2614,HXL
2615,HY
2616,HYAC
2617,HYACU
2618,HYB
2619,HYI
2620,HYRE
2621,HYT
2622,HZN
2623,HZNP
2624,HZO
2625,I
2626,IAA
2627,IAC
2628,IAE
2629,IAF
2630,IAG
2631,IART
2632,IBA
2633,IBCP
2634,IBIO
2635,IBKC
2636,IBKCN
2637,IBKCO
2638,IBKCP
2639,IBKR
2640,IBM
2641,IBN
2642,IBOC
2643,IBP
2644,IBTX
2645,ICAD
2646,ICBK
2647,ICCC
2648,ICCH
2649,ICD
2650,ICE
2651,ICFI
2652,ICHR
2653,ICL
2654,ICLK
2655,ICLR
2656,ICMB
2657,ICON
2658,ICPT
2659,ICUI
2660,IDA
2661,IDCC
2662,IDE
2663,IDEX
2664,IDN
2665,IDRA
2666,IDT
2667,IDXG
2668,IDXX
2669,IDYA
2670,IEA
2671,IEC
2672,IEP
2673,IESC
2674,IEX
2675,IFF
2676,IFFT
2677,IFMK
2678,IFN
2679,IFRX
2680,IFS
2681,IGA
2682,IGC
2683,IGD
2684,IGI
2685,IGIC
2686,IGMS
2687,IGR
2688,IGT
2689,IHC
2690,IHD
2691,IHG
2692,IHIT
2693,IHRT
2694,IHT
2695,IHTA
2696,IID
2697,IIF
2698,III
2699,IIIN
2700,IIIV
2701,IIM
2702,IIN
2703,IIPR
2704,IIVI
2705,IKNX
2706,ILMN
2707,ILPT
2708,IMAB
2709,IMAC
2710,IMAX
2711,IMBI
2712,IMGN
2713,IMH
2714,IMKTA
2715,IMLP
2716,IMMP
2717,IMMR
2718,IMMU
2719,IMO
2720,IMOS
2721,IMRA
2722,IMRN
2723,IMTE
2724,IMUX
2725,IMV
2726,IMVT
2727,IMVTU
2728,IMXI
2729,INBK
2730,INBKL
2731,INBKZ
2732,INCY
2733,INDB
2734,INDO
2735,INFI
2736,INFN
2737,INFO
2738,INFU
2739,INFY
2740,ING
2741,INGN
2742,INGR
2743,INMB
2744,INMD
2745,INN
2746,INNT
2747,INO
2748,INOD
2749,INOV
2750,INPX
2751,INS
2752,INSE
2753,INSG
2754,INSI
2755,INSM
2756,INSP
2757,INSU
2758,INSUU
2759,INSW
2760,INT
2761,INTC
2762,INTG
2763,INTL
2764,INTT
2765,INTU
2766,INUV
2767,INVA
2768,INVE
2769,INVH
2770,INWK
2771,IO
2772,IONS
2773,IOR
2774,IOSP
2775,IOTS
2776,IOVA
2777,IP
2778,IPAR
2779,IPDN
2780,IPG
2781,IPGP
2782,IPHA
2783,IPHI
2784,IPI
2785,IPLDP
2786,IPV
2787,IPWR
2788,IQ
2789,IQI
2790,IQV
2791,IR
2792,IRBT
2793,IRCP
2794,IRDM
2795,IRET
2796,IRIX
2797,IRL
2798,IRM
2799,IRMD
2800,IROQ
2801,IRR
2802,IRS
2803,IRT
2804,IRTC
2805,IRWD
2806,ISBC
2807,ISD
2808,ISDR
2809,ISEE
2810,ISIG
2811,ISNS
2812,ISR
2813,ISRG
2814,ISSC
2815,ISTR
2816,IT
2817,ITCB
2818,ITCI
2819,ITGR
2820,ITI
2821,ITIC
2822,ITMR
2823,ITP
2824,ITRI
2825,ITRM
2826,ITRN
2827,ITT
2828,ITUB
2829,ITW
2830,IVAC
2831,IVC
2832,IVH
2833,IVR
2834,IVZ
2835,IX
2836,IZEA
2837,J
2838,JACK
2839,JAGX
2840,JAKK
2841,JAN
2842,JAX
2843,JAZZ
2844,JBGS
2845,JBHT
2846,JBK
2847,JBL
2848,JBLU
2849,JBN
2850,JBR
2851,JBSS
2852,JBT
2853,JCAP
2854,JCE
2855,JCI
2856,JCO
2857,JCOM
2858,JCP
2859,JCS
2860,JCTCF
2861,JD
2862,JDD
2863,JE
2864,JEF
2865,JELD
2866,JEMD
2867,JEQ
2868,JFIN
2869,JFK
2870,JFKKU
2871,JFR
2872,JFU
2873,JG
2874,JGH
2875,JHAA
2876,JHB
2877,JHG
2878,JHI
2879,JHS
2880,JHX
2881,JHY
2882,JIH
2883,JILL
2884,JJA
2885,JJC
2886,JJE
2887,JJG
2888,JJM
2889,JJN
2890,JJP
2891,JJS
2892,JJSF
2893,JJT
2894,JJU
2895,JKHY
2896,JKS
2897,JLL
2898,JLS
2899,JMEI
2900,JMF
2901,JMIA
2902,JMLP
2903,JMM
2904,JMP
2905,JMPNL
2906,JMPNZ
2907,JNCE
2908,JNJ
2909,JNPR
2910,JO
2911,JOB
2912,JOBS
2913,JOE
2914,JOF
2915,JOUT
2916,JP
2917,JPC
2918,JPI
2919,JPM
2920,JPS
2921,JPT
2922,JQC
2923,JRI
2924,JRJC
2925,JRO
2926,JRS
2927,JRSH
2928,JRVR
2929,JSD
2930,JSM
2931,JT
2932,JTA
2933,JTD
2934,JVA
2935,JWN
2936,JYNT
2937,K
2938,KAI
2939,KALA
2940,KALU
2941,KALV
2942,KAMN
2943,KAR
2944,KB
2945,KBAL
2946,KBH
2947,KBLM
2948,KBLMU
2949,KBR
2950,KBSF
2951,KDMN
2952,KDP
2953,KE
2954,KELYA
2955,KELYB
2956,KEM
2957,KEN
2958,KEP
2959,KEQU
2960,KERN
2961,KEX
2962,KEY
2963,KEYS
2964,KF
2965,KFFB
2966,KFRC
2967,KFS
2968,KFY
2969,KGC
2970,KGJI
2971,KHC
2972,KIDS
2973,KIM
2974,KIN
2975,KINS
2976,KIO
2977,KIQ
2978,KIRK
2979,KKR
2980,KL
2981,KLAC
2982,KLDO
2983,KLIC
2984,KLR
2985,KLXE
2986,KMB
2987,KMDA
2988,KMF
2989,KMI
2990,KMPH
2991,KMPR
2992,KMT
2993,KMX
2994,KN
2995,KNAB
2996,KNDI
2997,KNL
2998,KNOP
2999,KNSA
3000,KNSL
3001,KNX
3002,KO
3003,KOD
3004,KODK
3005,KOF
3006,KOP
3007,KOPN
3008,KOS
3009,KOSS
3010,KPTI
3011,KR
3012,KRA
3013,KRC
3014,KREF
3015,KRG
3016,KRKR
3017,KRMD
3018,KRNT
3019,KRNY
3020,KRO
3021,KRP
3022,KRTX
3023,KRUS
3024,KRYS
3025,KSM
3026,KSS
3027,KSU
3028,KT
3029,KTB
3030,KTCC
3031,KTF
3032,KTH
3033,KTN
3034,KTOS
3035,KTOV
3036,KTP
3037,KURA
3038,KVHI
3039,KW
3040,KWR
3041,KXIN
3042,KYN
3043,KZIA
3044,KZR
3045,L
3046,LAC
3047,LACQ
3048,LACQU
3049,LAD
3050,LADR
3051,LAIX
3052,LAKE
3053,LAMR
3054,LANC
3055,LAND
3056,LANDP
3057,LARK
3058,LASR
3059,LATN
3060,LATNU
3061,LAUR
3062,LAWS
3063,LAZ
3064,LAZY
3065,LB
3066,LBAI
3067,LBC
3068,LBRDA
3069,LBRDK
3070,LBRT
3071,LBTYA
3072,LBTYB
3073,LBTYK
3074,LBY
3075,LC
3076,LCA
3077,LCAHU
3078,LCI
3079,LCII
3080,LCNB
3081,LCTX
3082,LCUT
3083,LD
3084,LDL
3085,LDOS
3086,LDP
3087,LE
3088,LEA
3089,LEAF
3090,LECO
3091,LEDS
3092,LEE
3093,LEG
3094,LEGH
3095,LEJU
3096,LEN
3097,LEO
3098,LEU
3099,LEVI
3100,LEVL
3101,LFAC
3102,LFACU
3103,LFC
3104,LFUS
3105,LFVN
3106,LGC
3107,LGF.B
3108,LGI
3109,LGIH
3110,LGL
3111,LGND
3112,LH
3113,LHC
3114,LHCG
3115,LHX
3116,LIFE
3117,LII
3118,LILA
3119,LILAK
3120,LIN
3121,LINC
3122,LIND
3123,LINX
3124,LIQT
3125,LITB
3126,LITE
3127,LIVE
3128,LIVK
3129,LIVKU
3130,LIVN
3131,LIVX
3132,LIZI
3133,LJPC
3134,LK
3135,LKCO
3136,LKFN
3137,LKQ
3138,LL
3139,LLEX
3140,LLIT
3141,LLNW
3142,LLY
3143,LM
3144,LMAT
3145,LMB
3146,LMFA
3147,LMHA
3148,LMHB
3149,LMNL
3150,LMNR
3151,LMNX
3152,LMPX
3153,LMRK
3154,LMRKN
3155,LMRKO
3156,LMRKP
3157,LMST
3158,LMT
3159,LN
3160,LNC
3161,LND
3162,LNDC
3163,LNG
3164,LNN
3165,LNT
3166,LNTH
3167,LOAC
3168,LOACU
3169,LOAN
3170,LOB
3171,LOCO
3172,LODE
3173,LOGC
3174,LOGI
3175,LOGM
3176,LOMA
3177,LONE
3178,LOOP
3179,LOPE
3180,LORL
3181,LOV
3182,LOVE
3183,LOW
3184,LPCN
3185,LPG
3186,LPI
3187,LPL
3188,LPLA
3189,LPSN
3190,LPTH
3191,LPTX
3192,LPX
3193,LQDA
3194,LQDT
3195,LRCX
3196,LRN
3197,LSBK
3198,LSCC
3199,LSI
3200,LSTR
3201,LSXMA
3202,LSXMB
3203,LSXMK
3204,LTBR
3205,LTC
3206,LTHM
3207,LTM
3208,LTRPA
3209,LTRPB
3210,LTRX
3211,LUB
3212,LULU
3213,LUMO
3214,LUNA
3215,LUV
3216,LVGO
3217,LVS
3218,LW
3219,LWAY
3220,LX
3221,LXFR
3222,LXP
3223,LXRX
3224,LXU
3225,LYB
3226,LYFT
3227,LYG
3228,LYL
3229,LYTS
3230,LYV
3231,LZB
3232,M
3233,MA
3234,MAA
3235,MAC
3236,MACK
3237,MAG
3238,MAGS
3239,MAIN
3240,MAN
3241,MANH
3242,MANT
3243,MANU
3244,MAR
3245,MARA
3246,MARK
3247,MARPS
3248,MAS
3249,MASI
3250,MAT
3251,MATW
3252,MATX
3253,MAV
3254,MAXR
3255,MAYS
3256,MBCN
3257,MBI
3258,MBII
3259,MBIN
3260,MBINO
3261,MBINP
3262,MBIO
3263,MBNKP
3264,MBOT
3265,MBRX
3266,MBT
3267,MBUU
3268,MBWM
3269,MC
3270,MCA
3271,MCB
3272,MCBC
3273,MCBS
3274,MCC
3275,MCD
3276,MCEP
3277,MCF
3278,MCFT
3279,MCHP
3280,MCHX
3281,MCI
3282,MCK
3283,MCMJ
3284,MCN
3285,MCO
3286,MCR
3287,MCRB
3288,MCRI
3289,MCS
3290,MCV
3291,MCX
3292,MCY
3293,MD
3294,MDB
3295,MDC
3296,MDCA
3297,MDGL
3298,MDGS
3299,MDIA
3300,MDJH
3301,MDLA
3302,MDLQ
3303,MDLX
3304,MDLY
3305,MDLZ
3306,MDP
3307,MDRR
3308,MDRRP
3309,MDRX
3310,MDT
3311,MDU
3312,MDWD
3313,MEC
3314,MED
3315,MEDP
3316,MEDS
3317,MEET
3318,MEI
3319,MEIP
3320,MELI
3321,MEN
3322,MEOH
3323,MERC
3324,MESA
3325,MESO
3326,MET
3327,METC
3328,METX
3329,MFA
3330,MFAC
3331,MFC
3332,MFD
3333,MFG
3334,MFGP
3335,MFH
3336,MFIN
3337,MFINL
3338,MFL
3339,MFM
3340,MFNC
3341,MFO
3342,MFSF
3343,MFT
3344,MFV
3345,MG
3346,MGA
3347,MGEE
3348,MGEN
3349,MGF
3350,MGI
3351,MGIC
3352,MGLN
3353,MGM
3354,MGNX
3355,MGP
3356,MGPI
3357,MGR
3358,MGRC
3359,MGTA
3360,MGTX
3361,MGU
3362,MGY
3363,MGYR
3364,MHD
3365,MHE
3366,MHF
3367,MHH
3368,MHI
3369,MHK
3370,MHLA
3371,MHLD
3372,MHN
3373,MHNC
3374,MHO
3375,MIC
3376,MICR
3377,MICT
3378,MIDD
3379,MIE
3380,MIK
3381,MIME
3382,MIN
3383,MIND
3384,MINDP
3385,MINI
3386,MIRM
3387,MIST
3388,MITK
3389,MITO
3390,MITT
3391,MIXT
3392,MIY
3393,MJCO
3394,MKC
3395,MKD
3396,MKGI
3397,MKL
3398,MKSI
3399,MKTX
3400,MLAB
3401,MLCO
3402,MLHR
3403,MLI
3404,MLM
3405,MLND
3406,MLNX
3407,MLP
3408,MLPB
3409,MLPC
3410,MLPE
3411,MLPG
3412,MLPI
3413,MLPO
3414,MLPY
3415,MLR
3416,MLSS
3417,MLVF
3418,MMAC
3419,MMC
3420,MMD
3421,MMI
3422,MMLP
3423,MMM
3424,MMP
3425,MMS
3426,MMSI
3427,MMT
3428,MMU
3429,MMX
3430,MMYT
3431,MN
3432,MNCL
3433,MNCLU
3434,MNDO
3435,MNE
3436,MNK
3437,MNKD
3438,MNLO
3439,MNOV
3440,MNP
3441,MNPR
3442,MNR
3443,MNRL
3444,MNRO
3445,MNSB
3446,MNST
3447,MNTA
3448,MNTX
3449,MO
3450,MOBL
3451,MOD
3452,MODN
3453,MOFG
3454,MOGO
3455,MOGU
3456,MOH
3457,MOHO
3458,MOMO
3459,MOR
3460,MORF
3461,MORN
3462,MOS
3463,MOSY
3464,MOTS
3465,MOV
3466,MOXC
3467,MPA
3468,MPAA
3469,MPB
3470,MPC
3471,MPLX
3472,MPV
3473,MPW
3474,MPWR
3475,MPX
3476,MQT
3477,MQY
3478,MR
3479,MRAM
3480,MRBK
3481,MRC
3482,MRCC
3483,MRCCL
3484,MRCY
3485,MREO
3486,MRIN
3487,MRK
3488,MRKR
3489,MRLN
3490,MRNA
3491,MRNS
3492,MRO
3493,MRSN
3494,MRTN
3495,MRTX
3496,MRUS
3497,MRVL
3498,MS
3499,MSA
3500,MSB
3501,MSBF
3502,MSBI
3503,MSC
3504,MSCI
3505,MSD
3506,MSEX
3507,MSFT
3508,MSG
3509,MSGN
3510,MSI
3511,MSM
3512,MSN
3513,MSON
3514,MSTR
3515,MSVB
3516,MT
3517,MTA
3518,MTB
3519,MTBC
3520,MTBCP
3521,MTC
3522,MTCH
3523,MTD
3524,MTDR
3525,MTEM
3526,MTEX
3527,MTG
3528,MTH
3529,MTL
3530,MTLS
3531,MTN
3532,MTNB
3533,MTOR
3534,MTP
3535,MTR
3536,MTRN
3537,MTRX
3538,MTSC
3539,MTSI
3540,MTSL
3541,MTT
3542,MTW
3543,MTX
3544,MTZ
3545,MU
3546,MUA
3547,MUC
3548,MUDS
3549,MUDSU
3550,MUE
3551,MUFG
3552,MUH
3553,MUI
3554,MUJ
3555,MUR
3556,MUS
3557,MUSA
3558,MUX
3559,MVBF
3560,MVC
3561,MVCD
3562,MVF
3563,MVIS
3564,MVO
3565,MVT
3566,MWA
3567,MWK
3568,MX
3569,MXC
3570,MXE
3571,MXF
3572,MXIM
3573,MXL
3574,MYC
3575,MYD
3576,MYE
3577,MYF
3578,MYFW
3579,MYGN
3580,MYI
3581,MYJ
3582,MYL
3583,MYN
3584,MYO
3585,MYOK
3586,MYOS
3587,MYOV
3588,MYRG
3589,MYSZ
3590,MYT
3591,MZA
3592,NAC
3593,NAD
3594,NAII
3595,NAK
3596,NAKD
3597,NAN
3598,NAOV
3599,NAT
3600,NATH
3601,NATI
3602,NATR
3603,NAV
3604,NAVB
3605,NAVI
3606,NAZ
3607,NBACU
3608,NBB
3609,NBEV
3610,NBH
3611,NBHC
3612,NBIX
3613,NBL
3614,NBLX
3615,NBN
3616,NBO
3617,NBR
3618,NBRV
3619,NBSE
3620,NBTB
3621,NBW
3622,NBY
3623,NC
3624,NCA
3625,NCB
3626,NCBS
3627,NCLH
3628,NCMI
3629,NCNA
3630,NCR
3631,NCSM
3632,NCTY
3633,NCV
3634,NCZ
3635,NDAQ
3636,NDLS
3637,NDP
3638,NDRA
3639,NDSN
3640,NE
3641,NEA
3642,NEBU
3643,NEBUU
3644,NEBUW
3645,NEE
3646,NEM
3647,NEN
3648,NEO
3649,NEOG
3650,NEON
3651,NEOS
3652,NEP
3653,NEPH
3654,NEPT
3655,NERV
3656,NES
3657,NESR
3658,NET
3659,NETE
3660,NEU
3661,NEV
3662,NEW
3663,NEWA
3664,NEWR
3665,NEWT
3666,NEWTL
3667,NEX
3668,NEXA
3669,NEXT
3670,NFBK
3671,NFE
3672,NFG
3673,NFH
3674,NFIN
3675,NFINU
3676,NFJ
3677,NFLX
3678,NG
3679,NGD
3680,NGG
3681,NGHC
3682,NGHCN
3683,NGHCO
3684,NGHCP
3685,NGHCZ
3686,NGL
3687,NGM
3688,NGS
3689,NGVC
3690,NGVT
3691,NH
3692,NHA
3693,NHC
3694,NHF
3695,NHI
3696,NHLD
3697,NHS
3698,NHTC
3699,NI
3700,NIB
3701,NICE
3702,NICK
3703,NID
3704,NIE
3705,NIM
3706,NINE
3707,NIO
3708,NIQ
3709,NIU
3710,NJR
3711,NJV
3712,NK
3713,NKE
3714,NKG
3715,NKSH
3716,NKTR
3717,NKX
3718,NL
3719,NLOK
3720,NLS
3721,NLSN
3722,NLTX
3723,NLY
3724,NM
3725,NMCI
3726,NMCO
3727,NMFC
3728,NMFX
3729,NMI
3730,NMIH
3731,NML
3732,NMM
3733,NMR
3734,NMRD
3735,NMRK
3736,NMS
3737,NMT
3738,NMY
3739,NMZ
3740,NNA
3741,NNBR
3742,NNDM
3743,NNI
3744,NNN
3745,NNVC
3746,NNY
3747,NOA
3748,NOAH
3749,NOC
3750,NODK
3751,NOG
3752,NOK
3753,NOM
3754,NOMD
3755,NOV
3756,NOVA
3757,NOVN
3758,NOVT
3759,NOW
3760,NP
3761,NPA
3762,NPAUU
3763,NPK
3764,NPN
3765,NPO
3766,NPTN
3767,NPV
3768,NQP
3769,NR
3770,NRBO
3771,NRC
3772,NREF
3773,NRG
3774,NRGD
3775,NRGO
3776,NRGU
3777,NRGX
3778,NRGZ
3779,NRIM
3780,NRK
3781,NRO
3782,NRP
3783,NRT
3784,NRUC
3785,NRZ
3786,NS
3787,NSA
3788,NSC
3789,NSCO
3790,NSEC
3791,NSIT
3792,NSL
3793,NSP
3794,NSPR
3795,NSS
3796,NSSC
3797,NSTG
3798,NSYS
3799,NTAP
3800,NTB
3801,NTCO
3802,NTCT
3803,NTEC
3804,NTES
3805,NTG
3806,NTGN
3807,NTGR
3808,NTIC
3809,NTIP
3810,NTLA
3811,NTN
3812,NTNX
3813,NTP
3814,NTR
3815,NTRA
3816,NTRP
3817,NTRS
3818,NTRSO
3819,NTUS
3820,NTWK
3821,NTZ
3822,NUAN
3823,NUE
3824,NUM
3825,NUO
3826,NURO
3827,NUS
3828,NUV
3829,NUVA
3830,NUW
3831,NVAX
3832,NVCN
3833,NVCR
3834,NVDA
3835,NVEC
3836,NVEE
3837,NVFY
3838,NVG
3839,NVGS
3840,NVIV
3841,NVMI
3842,NVO
3843,NVR
3844,NVRO
3845,NVS
3846,NVST
3847,NVT
3848,NVTA
3849,NVUS
3850,NWBI
3851,NWE
3852,NWFL
3853,NWGI
3854,NWHM
3855,NWL
3856,NWLI
3857,NWN
3858,NWPX
3859,NWS
3860,NWSA
3861,NX
3862,NXC
3863,NXE
3864,NXGN
3865,NXJ
3866,NXN
3867,NXP
3868,NXPI
3869,NXQ
3870,NXR
3871,NXRT
3872,NXST
3873,NXTC
3874,NXTD
3875,NYCB
3876,NYMT
3877,NYMTM
3878,NYMTN
3879,NYMTO
3880,NYMTP
3881,NYMX
3882,NYT
3883,NYV
3884,NZF
3885,O
3886,OAC
3887,OAS
3888,OBAS
3889,OBCI
3890,OBLG
3891,OBLN
3892,OBNK
3893,OBSV
3894,OC
3895,OCC
3896,OCCI
3897,OCCIP
3898,OCFC
3899,OCFT
3900,OCGN
3901,OCN
3902,OCSI
3903,OCSL
3904,OCUL
3905,OCX
3906,ODC
3907,ODFL
3908,ODP
3909,ODT
3910,OEC
3911,OESX
3912,OFC
3913,OFED
3914,OFG
3915,OFIX
3916,OFLX
3917,OFS
3918,OFSSI
3919,OFSSZ
3920,OGCP
3921,OGE
3922,OGEN
3923,OGI
3924,OGS
3925,OHI
3926,OI
3927,OIA
3928,OII
3929,OIIM
3930,OILX
3931,OIS
3932,OKE
3933,OKTA
3934,OLED
3935,OLEM
3936,OLLI
3937,OLN
3938,OLP
3939,OMAB
3940,OMC
3941,OMCL
3942,OMER
3943,OMEX
3944,OMF
3945,OMI
3946,OMP
3947,ON
3948,ONB
3949,ONCS
3950,ONCT
3951,ONCY
3952,ONDK
3953,ONE
3954,ONEM
3955,ONEW
3956,ONTO
3957,ONTX
3958,ONVO
3959,OOMA
3960,OPB
3961,OPBK
3962,OPCH
3963,OPES
3964,OPESU
3965,OPGN
3966,OPHC
3967,OPI
3968,OPINI
3969,OPK
3970,OPNT
3971,OPOF
3972,OPP
3973,OPRA
3974,OPRT
3975,OPRX
3976,OPTN
3977,OPTT
3978,OPY
3979,OR
3980,ORA
3981,ORAN
3982,ORBC
3983,ORC
3984,ORCC
3985,ORCL
3986,ORGO
3987,ORGS
3988,ORI
3989,ORLY
3990,ORMP
3991,ORN
3992,ORRF
3993,ORSN
3994,ORSNU
3995,ORTX
3996,OSB
3997,OSBC
3998,OSG
3999,OSIS
4000,OSK
4001,OSMT
4002,OSN
4003,OSPN
4004,OSS
4005,OSTK
4006,OSUR
4007,OSW
4008,OTEL
4009,OTEX
4010,OTIC
4011,OTLK
4012,OTTR
4013,OTTW
4014,OUT
4015,OVBC
4016,OVID
4017,OVLY
4018,OVV
4019,OXBR
4020,OXFD
4021,OXLC
4022,OXLCM
4023,OXLCO
4024,OXLCP
4025,OXM
4026,OXSQ
4027,OXSQL
4028,OXSQZ
4029,OXY
4030,OYST
4031,OZK
4032,PAA
4033,PAAC
4034,PAACU
4035,PAAS
4036,PAC
4037,PACB
4038,PACD
4039,PACK
4040,PACQ
4041,PACQU
4042,PACQW
4043,PACW
4044,PAE
4045,PAG
4046,PAGP
4047,PAGS
4048,PAHC
4049,PAI
4050,PAM
4051,PANL
4052,PANW
4053,PAR
4054,PARR
4055,PASG
4056,PATI
4057,PATK
4058,PAVM
4059,PAVMW
4060,PAYC
4061,PAYS
4062,PAYX
4063,PB
4064,PBA
4065,PBB
4066,PBBI
4067,PBC
4068,PBCT
4069,PBCTP
4070,PBF
4071,PBFS
4072,PBFX
4073,PBH
4074,PBHC
4075,PBI
4076,PBIP
4077,PBPB
4078,PBR
4079,PBT
4080,PBTS
4081,PBY
4082,PBYI
4083,PCAR
4084,PCB
4085,PCF
4086,PCG
4087,PCH
4088,PCI
4089,PCK
4090,PCM
4091,PCN
4092,PCOM
4093,PCQ
4094,PCRX
4095,PCSB
4096,PCTI
4097,PCTY
4098,PCYG
4099,PCYO
4100,PD
4101,PDCE
4102,PDCO
4103,PDD
4104,PDEX
4105,PDFS
4106,PDI
4107,PDLB
4108,PDLI
4109,PDM
4110,PDS
4111,PDSB
4112,PDT
4113,PE
4114,PEAK
4115,PEB
4116,PEBK
4117,PEBO
4118,PECK
4119,PED
4120,PEG
4121,PEGA
4122,PEI
4123,PEIX
4124,PEN
4125,PENN
4126,PEO
4127,PEP
4128,PER
4129,PERI
4130,PESI
4131,PETQ
4132,PETS
4133,PETZ
4134,PFBC
4135,PFBI
4136,PFD
4137,PFE
4138,PFFL
4139,PFG
4140,PFGC
4141,PFH
4142,PFHD
4143,PFIE
4144,PFIN
4145,PFIS
4146,PFL
4147,PFLT
4148,PFMT
4149,PFN
4150,PFNX
4151,PFO
4152,PFPT
4153,PFS
4154,PFSI
4155,PFSW
4156,PG
4157,PGC
4158,PGEN
4159,PGM
4160,PGNX
4161,PGNY
4162,PGP
4163,PGR
4164,PGRE
4165,PGTI
4166,PGZ
4167,PH
4168,PHAS
4169,PHAT
4170,PHCF
4171,PHD
4172,PHG
4173,PHGE
4174,PHI
4175,PHIO
4176,PHK
4177,PHM
4178,PHR
4179,PHT
4180,PHUN
4181,PHX
4182,PI
4183,PIC
4184,PICO
4185,PIH
4186,PIHPP
4187,PII
4188,PIM
4189,PINC
4190,PINE
4191,PING
4192,PINS
4193,PIPR
4194,PIRS
4195,PIXY
4196,PIY
4197,PJH
4198,PJT
4199,PK
4200,PKBK
4201,PKE
4202,PKG
4203,PKI
4204,PKO
4205,PKOH
4206,PKX
4207,PLAB
4208,PLAG
4209,PLAN
4210,PLAY
4211,PLBC
4212,PLCE
4213,PLD
4214,PLG
4215,PLIN
4216,PLL
4217,PLM
4218,PLMR
4219,PLNT
4220,PLOW
4221,PLPC
4222,PLSE
4223,PLT
4224,PLUG
4225,PLUS
4226,PLX
4227,PLXP
4228,PLXS
4229,PLYA
4230,PLYM
4231,PM
4232,PMBC
4233,PMD
4234,PME
4235,PMF
4236,PML
4237,PMM
4238,PMO
4239,PMT
4240,PMX
4241,PNBK
4242,PNC
4243,PNF
4244,PNFP
4245,PNI
4246,PNM
4247,PNNT
4248,PNNTG
4249,PNR
4250,PNRG
4251,PNTG
4252,PNW
4253,POAI
4254,PODD
4255,POL
4256,POLA
4257,POOL
4258,POPE
4259,POR
4260,POST
4261,POWI
4262,POWL
4263,PPBI
4264,PPC
4265,PPD
4266,PPG
4267,PPHI
4268,PPIH
4269,PPL
4270,PPR
4271,PPSI
4272,PPT
4273,PPX
4274,PQG
4275,PRA
4276,PRAA
4277,PRAH
4278,PRCP
4279,PRDO
4280,PRFT
4281,PRGO
4282,PRGS
4283,PRGX
4284,PRH
4285,PRI
4286,PRIM
4287,PRK
4288,PRLB
4289,PRMW
4290,PRNB
4291,PRO
4292,PROF
4293,PROS
4294,PROV
4295,PRPH
4296,PRPL
4297,PRPO
4298,PRQR
4299,PRS
4300,PRSC
4301,PRSP
4302,PRT
4303,PRTA
4304,PRTH
4305,PRTK
4306,PRTS
4307,PRTY
4308,PRU
4309,PRVB
4310,PRVL
4311,PS
4312,PSA
4313,PSB
4314,PSEC
4315,PSF
4316,PSHG
4317,PSMT
4318,PSN
4319,PSNL
4320,PSO
4321,PSTG
4322,PSTI
4323,PSTL
4324,PSTV
4325,PSV
4326,PSX
4327,PSXP
4328,PT
4329,PTAC
4330,PTACU
4331,PTC
4332,PTCT
4333,PTE
4334,PTEN
4335,PTGX
4336,PTI
4337,PTLA
4338,PTMN
4339,PTN
4340,PTNR
4341,PTON
4342,PTR
4343,PTSI
4344,PTVCA
4345,PTVCB
4346,PTY
4347,PUB
4348,PUK
4349,PULM
4350,PUMP
4351,PUYI
4352,PVAC
4353,PVBC
4354,PVG
4355,PVH
4356,PVL
4357,PW
4358,PWFL
4359,PWOD
4360,PWR
4361,PXD
4362,PXLW
4363,PXS
4364,PYN
4365,PYPE
4366,PYPL
4367,PYS
4368,PYT
4369,PYX
4370,PZC
4371,PZG
4372,PZN
4373,PZZA
4374,QADA
4375,QADB
4376,QBAK
4377,QCOM
4378,QCRH
4379,QD
4380,QDEL
4381,QEP
4382,QES
4383,QFIN
4384,QGEN
4385,QHC
4386,QIWI
4387,QK
4388,QLYS
4389,QMCO
4390,QNST
4391,QQQX
4392,QRHC
4393,QRTEA
4394,QRTEB
4395,QRVO
4396,QSR
4397,QTNT
4398,QTRX
4399,QTS
4400,QTT
4401,QTWO
4402,QUAD
4403,QUIK
4404,QUMU
4405,QUOT
4406,QURE
4407,QVCC
4408,QVCD
4409,R
4410,RA
4411,RACE
4412,RAD
4413,RADA
4414,RAIL
4415,RAMP
4416,RAND
4417,RAPT
4418,RARE
4419,RARX
4420,RAVE
4421,RAVN
4422,RBA
4423,RBB
4424,RBBN
4425,RBC
4426,RBCAA
4427,RBCN
4428,RBKB
4429,RBNC
4430,RBS
4431,RBZ
4432,RC
4433,RCA
4434,RCB
4435,RCEL
4436,RCG
4437,RCI
4438,RCII
4439,RCKT
4440,RCKY
4441,RCL
4442,RCM
4443,RCMT
4444,RCON
4445,RCP
4446,RCS
4447,RCUS
4448,RDCM
4449,RDFN
4450,RDHL
4451,RDI
4452,RDIB
4453,RDN
4454,RDNT
4455,RDUS
4456,RDVT
4457,RDWR
4458,RDY
4459,RE
4460,REAL
4461,REDU
4462,REED
4463,REFR
4464,REG
4465,REGI
4466,REGN
4467,REI
4468,REKR
4469,RELL
4470,RELV
4471,RELX
4472,REML
4473,RENN
4474,REPH
4475,REPL
4476,RES
4477,RESI
4478,RESN
4479,RETA
4480,RETO
4481,REV
4482,REVG
4483,REX
4484,REXN
4485,REXR
4486,REYN
4487,REZI
4488,RF
4489,RFI
4490,RFIL
4491,RFL
4492,RFM
4493,RFP
4494,RGA
4495,RGCO
4496,RGEN
4497,RGLD
4498,RGLS
4499,RGNX
4500,RGR
4501,RGS
4502,RGT
4503,RH
4504,RHE
4505,RHI
4506,RHP
4507,RIBT
4508,RICK
4509,RIF
4510,RIG
4511,RIGL
4512,RILY
4513,RILYG
4514,RILYH
4515,RILYI
4516,RILYN
4517,RILYO
4518,RILYP
4519,RILYZ
4520,RIO
4521,RIOT
4522,RIV
4523,RIVE
4524,RJA
4525,RJF
4526,RJI
4527,RJN
4528,RJZ
4529,RKDA
4530,RL
4531,RLGT
4532,RLGY
4533,RLH
4534,RLI
4535,RLJ
4536,RLMD
4537,RM
4538,RMAX
4539,RMBI
4540,RMBL
4541,RMBS
4542,RMCF
4543,RMD
4544,RMED
4545,RMG
4546,RMI
4547,RMM
4548,RMNI
4549,RMR
4550,RMT
4551,RMTI
4552,RNDB
4553,RNET
4554,RNG
4555,RNGR
4556,RNP
4557,RNR
4558,RNST
4559,RNWK
4560,ROAD
4561,ROCK
4562,RODI
4563,ROG
4564,ROIC
4565,ROK
4566,ROKU
4567,ROL
4568,ROLL
4569,ROP
4570,ROSE
4571,ROSEU
4572,ROST
4573,ROYT
4574,RP
4575,RPAI
4576,RPAY
4577,RPD
4578,RPLA
4579,RPM
4580,RPT
4581,RQI
4582,RRBI
4583,RRC
4584,RRD
4585,RRGB
4586,RRR
4587,RRTS
4588,RS
4589,RSF
4590,RSG
4591,RSSS
4592,RST
4593,RTIX
4594,RTLR
4595,RTN
4596,RTRX
4597,RTTR
4598,RTW
4599,RUBI
4600,RUBY
4601,RUHN
4602,RUN
4603,RUSHA
4604,RUSHB
4605,RUTH
4606,RVI
4607,RVLV
4608,RVNC
4609,RVP
4610,RVSB
4611,RVT
4612,RWLK
4613,RWT
4614,RXN
4615,RY
4616,RYAAY
4617,RYAM
4618,RYB
4619,RYCE
4620,RYI
4621,RYN
4622,RYTM
4623,RZA
4624,RZB
4625,SA
4626,SABR
4627,SACC
4628,SACH
4629,SAEX
4630,SAF
4631,SAFE
4632,SAFM
4633,SAFT
4634,SAGE
4635,SAH
4636,SAIA
4637,SAIC
4638,SAIL
4639,SAL
4640,SALM
4641,SALT
4642,SAM
4643,SAMA
4644,SAMAU
4645,SAMG
4646,SAN
4647,SAND
4648,SANM
4649,SANW
4650,SAP
4651,SAQN
4652,SAQNU
4653,SAR
4654,SASR
4655,SATS
4656,SAVA
4657,SAVE
4658,SB
4659,SBAC
4660,SBBP
4661,SBBX
4662,SBCF
4663,SBE
4664,SBFG
4665,SBGI
4666,SBH
4667,SBI
4668,SBLK
4669,SBLKZ
4670,SBNA
4671,SBNY
4672,SBOW
4673,SBPH
4674,SBR
4675,SBRA
4676,SBS
4677,SBSI
4678,SBT
4679,SBUX
4680,SC
4681,SCA
4682,SCCB
4683,SCCO
4684,SCD
4685,SCHL
4686,SCHN
4687,SCHW
4688,SCI
4689,SCKT
4690,SCL
4691,SCM
4692,SCON
4693,SCOR
4694,SCPE
4695,SCPH
4696,SCPL
4697,SCS
4698,SCSC
4699,SCU
4700,SCVL
4701,SCVX
4702,SCWX
4703,SCX
4704,SCYX
4705,SD
4706,SDC
4707,SDGR
4708,SDI
4709,SDPI
4710,SDRL
4711,SDYL
4712,SE
4713,SEAC
4714,SEAS
4715,SEB
4716,SECO
4717,SEDG
4718,SEE
4719,SEED
4720,SEEL
4721,SEIC
4722,SELB
4723,SELF
4724,SEM
4725,SENEA
4726,SENEB
4727,SENS
4728,SERV
4729,SES
4730,SESN
4731,SF
4732,SFBC
4733,SFBS
4734,SFE
4735,SFET
4736,SFIX
4737,SFL
4738,SFM
4739,SFNC
4740,SFST
4741,SFTW
4742,SFUN
4743,SG
4744,SGA
4745,SGB
4746,SGBX
4747,SGC
4748,SGEN
4749,SGG
4750,SGH
4751,SGLB
4752,SGMA
4753,SGMO
4754,SGMS
4755,SGOC
4756,SGRP
4757,SGRY
4758,SGU
4759,SHAK
4760,SHBI
4761,SHEN
4762,SHG
4763,SHI
4764,SHIP
4765,SHLL
4766,SHLO
4767,SHLX
4768,SHO
4769,SHOO
4770,SHOP
4771,SHSP
4772,SHW
4773,SI
4774,SIBN
4775,SIC
4776,SID
4777,SIEB
4778,SIEN
4779,SIF
4780,SIFY
4781,SIG
4782,SIGA
4783,SIGI
4784,SILC
4785,SILK
4786,SILV
4787,SIM
4788,SIMO
4789,SINA
4790,SINO
4791,SINT
4792,SIRI
4793,SITC
4794,SITE
4795,SITM
4796,SIVB
4797,SIVBP
4798,SIX
4799,SJI
4800,SJIJ
4801,SJIU
4802,SJM
4803,SJR
4804,SJT
4805,SJW
4806,SKM
4807,SKT
4808,SKX
4809,SKY
4810,SKYS
4811,SKYW
4812,SLAB
4813,SLB
4814,SLCA
4815,SLCT
4816,SLDB
4817,SLF
4818,SLG
4819,SLGG
4820,SLGL
4821,SLGN
4822,SLM
4823,SLMBP
4824,SLNO
4825,SLP
4826,SLRC
4827,SLRX
4828,SLS
4829,SLVO
4830,SM
4831,SMAR
4832,SMBC
4833,SMBK
4834,SMCI
4835,SMED
4836,SMFG
4837,SMG
4838,SMHB
4839,SMHI
4840,SMIT
4841,SMLP
4842,SMM
4843,SMMC
4844,SMMCU
4845,SMMF
4846,SMMT
4847,SMP
4848,SMPL
4849,SMRT
4850,SMSI
4851,SMTC
4852,SMTS
4853,SMTX
4854,SNA
4855,SNAP
4856,SNBR
4857,SNCA
4858,SNCR
4859,SND
4860,SNDE
4861,SNDL
4862,SNDR
4863,SNDX
4864,SNE
4865,SNES
4866,SNFCA
4867,SNGX
4868,SNMP
4869,SNN
4870,SNOA
4871,SNP
4872,SNPS
4873,SNR
4874,SNSS
4875,SNV
4876,SNX
4877,SNY
4878,SO
4879,SOGO
4880,SOHO
4881,SOHOB
4882,SOHON
4883,SOHOO
4884,SOHU
4885,SOI
4886,SOJA
4887,SOJB
4888,SOJC
4889,SOJD
4890,SOL
4891,SOLN
4892,SOLO
4893,SOLY
4894,SON
4895,SONA
4896,SONG
4897,SONM
4898,SONO
4899,SOR
4900,SORL
4901,SP
4902,SPAQ
4903,SPAR
4904,SPB
4905,SPCB
4906,SPCE
4907,SPE
4908,SPFI
4909,SPG
4910,SPGI
4911,SPH
4912,SPI
4913,SPKE
4914,SPKEP
4915,SPLK
4916,SPLP
4917,SPN
4918,SPNE
4919,SPNS
4920,SPOK
4921,SPOT
4922,SPPI
4923,SPR
4924,SPRO
4925,SPRT
4926,SPSC
4927,SPT
4928,SPTN
4929,SPWH
4930,SPWR
4931,SPXC
4932,SPXX
4933,SQ
4934,SQBG
4935,SQM
4936,SQNS
4937,SR
4938,SRAC
4939,SRACU
4940,SRAX
4941,SRC
4942,SRCE
4943,SRCL
4944,SRDX
4945,SRE
4946,SREA
4947,SREV
4948,SRF
4949,SRG
4950,SRI
4951,SRL
4952,SRLP
4953,SRNE
4954,SRPT
4955,SRRA
4956,SRRK
4957,SRT
4958,SRTS
4959,SRV
4960,SSB
4961,SSBI
4962,SSD
4963,SSI
4964,SSKN
4965,SSL
4966,SSNC
4967,SSNT
4968,SSP
4969,SSPK
4970,SSPKU
4971,SSRM
4972,SSSS
4973,SSTI
4974,SSTK
4975,SSY
4976,SSYS
4977,ST
4978,STAA
4979,STAF
4980,STAG
4981,STAR
4982,STAY
4983,STBA
4984,STC
4985,STCN
4986,STE
4987,STFC
4988,STG
4989,STIM
4990,STK
4991,STKL
4992,STKS
4993,STL
4994,STLD
4995,STM
4996,STML
4997,STMP
4998,STN
4999,STND
5000,STNE
5001,STNG
5002,STOK
5003,STON
5004,STOR
5005,STPP
5006,STRA
5007,STRL
5008,STRM
5009,STRO
5010,STRS
5011,STRT
5012,STSA
5013,STT
5014,STWD
5015,STX
5016,STXB
5017,STXS
5018,STZ
5019,SU
5020,SUI
5021,SUM
5022,SUMR
5023,SUN
5024,SUNS
5025,SUNW
5026,SUP
5027,SUPN
5028,SUPV
5029,SURF
5030,SUZ
5031,SVA
5032,SVBI
5033,SVC
5034,SVM
5035,SVMK
5036,SVRA
5037,SVT
5038,SVVC
5039,SWAV
5040,SWCH
5041,SWI
5042,SWIR
5043,SWK
5044,SWKH
5045,SWKS
5046,SWM
5047,SWN
5048,SWP
5049,SWT
5050,SWTX
5051,SWX
5052,SWZ
5053,SXC
5054,SXI
5055,SXT
5056,SXTC
5057,SY
5058,SYBT
5059,SYBX
5060,SYF
5061,SYK
5062,SYKE
5063,SYN
5064,SYNA
5065,SYNC
5066,SYNH
5067,SYNL
5068,SYPR
5069,SYRS
5070,SYX
5071,SYY
5072,SZC
5073,T
5074,TA
5075,TAC
5076,TACO
5077,TACT
5078,TAIT
5079,TAK
5080,TAL
5081,TALO
5082,TANH
5083,TANNI
5084,TANNL
5085,TANNZ
5086,TAOP
5087,TAP
5088,TAPR
5089,TARA
5090,TARO
5091,TAST
5092,TAT
5093,TATT
5094,TAYD
5095,TBB
5096,TBBK
5097,TBC
5098,TBI
5099,TBIO
5100,TBK
5101,TBLT
5102,TBLTW
5103,TBNK
5104,TBPH
5105,TC
5106,TCBI
5107,TCBIL
5108,TCBIP
5109,TCBK
5110,TCCO
5111,TCDA
5112,TCF
5113,TCFC
5114,TCFCP
5115,TCI
5116,TCMD
5117,TCO
5118,TCOM
5119,TCON
5120,TCP
5121,TCPC
5122,TCRD
5123,TCRR
5124,TCRW
5125,TCRZ
5126,TCS
5127,TCX
5128,TD
5129,TDA
5130,TDAC
5131,TDACU
5132,TDC
5133,TDE
5134,TDF
5135,TDG
5136,TDI
5137,TDJ
5138,TDOC
5139,TDS
5140,TDW
5141,TDY
5142,TEAF
5143,TEAM
5144,TECD
5145,TECH
5146,TECK
5147,TECTP
5148,TEDU
5149,TEF
5150,TEI
5151,TEL
5152,TELA
5153,TELL
5154,TEN
5155,TENB
5156,TENX
5157,TEO
5158,TER
5159,TERP
5160,TESS
5161,TEUM
5162,TEVA
5163,TEX
5164,TFC
5165,TFFP
5166,TFII
5167,TFSL
5168,TFX
5169,TG
5170,TGA
5171,TGB
5172,TGC
5173,TGE
5174,TGEN
5175,TGH
5176,TGI
5177,TGLS
5178,TGNA
5179,TGP
5180,TGS
5181,TGT
5182,TGTX
5183,TH
5184,THBR
5185,THBRU
5186,THC
5187,THCA
5188,THCAU
5189,THCB
5190,THCBU
5191,THFF
5192,THG
5193,THGA
5194,THM
5195,THMO
5196,THO
5197,THQ
5198,THR
5199,THRM
5200,THS
5201,THTX
5202,THW
5203,TIF
5204,TIGO
5205,TIGR
5206,TILE
5207,TIPT
5208,TISI
5209,TITN
5210,TIVO
5211,TJX
5212,TK
5213,TKAT
5214,TKC
5215,TKR
5216,TLC
5217,TLF
5218,TLGT
5219,TLI
5220,TLK
5221,TLND
5222,TLRD
5223,TLRY
5224,TLSA
5225,TLYS
5226,TM
5227,TMDI
5228,TMDX
5229,TME
5230,TMHC
5231,TMO
5232,TMP
5233,TMQ
5234,TMSR
5235,TMST
5236,TMUS
5237,TNAV
5238,TNC
5239,TNDM
5240,TNET
5241,TNK
5242,TNP
5243,TNXP
5244,TOCA
5245,TOL
5246,TOPS
5247,TORC
5248,TOT
5249,TOTA
5250,TOTAU
5251,TOUR
5252,TOWN
5253,TPB
5254,TPC
5255,TPCO
5256,TPH
5257,TPHS
5258,TPIC
5259,TPL
5260,TPR
5261,TPRE
5262,TPTX
5263,TPVG
5264,TPVY
5265,TPX
5266,TPZ
5267,TR
5268,TRC
5269,TRCH
5270,TREC
5271,TREE
5272,TREX
5273,TRGP
5274,TRHC
5275,TRI
5276,TRIB
5277,TRIL
5278,TRIP
5279,TRMB
5280,TRMD
5281,TRMK
5282,TRMT
5283,TRN
5284,TRNE
5285,TRNO
5286,TRNS
5287,TRNX
5288,TROV
5289,TROW
5290,TROX
5291,TRP
5292,TRPX
5293,TRQ
5294,TRS
5295,TRST
5296,TRT
5297,TRTN
5298,TRTX
5299,TRU
5300,TRUE
5301,TRUP
5302,TRV
5303,TRVG
5304,TRVI
5305,TRVN
5306,TRWH
5307,TRX
5308,TRXC
5309,TS
5310,TSBK
5311,TSC
5312,TSCAP
5313,TSCBP
5314,TSCO
5315,TSE
5316,TSEM
5317,TSG
5318,TSI
5319,TSLA
5320,TSLF
5321,TSLX
5322,TSM
5323,TSN
5324,TSQ
5325,TSRI
5326,TSU
5327,TT
5328,TTC
5329,TTD
5330,TTEC
5331,TTEK
5332,TTGT
5333,TTI
5334,TTM
5335,TTMI
5336,TTNP
5337,TTOO
5338,TTP
5339,TTPH
5340,TTWO
5341,TU
5342,TUES
5343,TUFN
5344,TUP
5345,TURN
5346,TUSK
5347,TV
5348,TVC
5349,TVE
5350,TVIX
5351,TVTY
5352,TW
5353,TWI
5354,TWIN
5355,TWLO
5356,TWMC
5357,TWN
5358,TWNK
5359,TWNKW
5360,TWO
5361,TWOU
5362,TWST
5363,TWTR
5364,TX
5365,TXG
5366,TXMD
5367,TXN
5368,TXRH
5369,TXT
5370,TY
5371,TYG
5372,TYHT
5373,TYL
5374,TYME
5375,TZAC
5376,TZACU
5377,TZOO
5378,UA
5379,UAA
5380,UAG
5381,UAL
5382,UAMY
5383,UAN
5384,UAUD
5385,UAVS
5386,UBA
5387,UBCP
5388,UBER
5389,UBFO
5390,UBG
5391,UBOH
5392,UBP
5393,UBS
5394,UBSI
5395,UBX
5396,UCBI
5397,UCHF
5398,UCI
5399,UCIB
5400,UCTT
5401,UDR
5402,UE
5403,UEC
5404,UEIC
5405,UEPS
5406,UEUR
5407,UFAB
5408,UFCS
5409,UFI
5410,UFPI
5411,UFPT
5412,UFS
5413,UG
5414,UGAZ
5415,UGBP
5416,UGI
5417,UGLD
5418,UGP
5419,UHAL
5420,UHS
5421,UHT
5422,UI
5423,UIHC
5424,UIS
5425,UJPY
5426,UL
5427,ULBI
5428,ULH
5429,ULTA
5430,UMBF
5431,UMC
5432,UMH
5433,UMPQ
5434,UMRX
5435,UN
5436,UNAM
5437,UNB
5438,UNF
5439,UNFI
5440,UNH
5441,UNIT
5442,UNM
5443,UNMA
5444,UNP
5445,UNT
5446,UNTY
5447,UNVR
5448,UONE
5449,UONEK
5450,UPLD
5451,UPS
5452,UPWK
5453,URBN
5454,URG
5455,URGN
5456,URI
5457,UROV
5458,URR
5459,USA
5460,USAC
5461,USAK
5462,USAP
5463,USAS
5464,USAU
5465,USB
5466,USCR
5467,USDP
5468,USEG
5469,USFD
5470,USIO
5471,USLM
5472,USLV
5473,USM
5474,USNA
5475,USOI
5476,USPH
5477,USV
5478,USWS
5479,USX
5480,UTF
5481,UTG
5482,UTHR
5483,UTI
5484,UTL
5485,UTMD
5486,UTSI
5487,UTX#
5488,UTX
5489,UUU
5490,UUUU
5491,UVE
5492,UVSP
5493,UVV
5494,UXIN
5495,UZA
5496,UZB
5497,UZC
5498,V
5499,VAC
5500,VAL
5501,VALE
5502,VALU
5503,VAM
5504,VAPO
5505,VAR
5506,VBF
5507,VBFC
5508,VBIV
5509,VBLT
5510,VBTX
5511,VC
5512,VCEL
5513,VCF
5514,VCIF
5515,VCNX
5516,VCRA
5517,VCTR
5518,VCV
5519,VCYT
5520,VEC
5521,VECO
5522,VEDL
5523,VEEV
5524,VEL
5525,VEON
5526,VER
5527,VERB
5528,VERI
5529,VERO
5530,VERU
5531,VERY
5532,VET
5533,VFC
5534,VFF
5535,VFL
5536,VG
5537,VGI
5538,VGM
5539,VGR
5540,VGZ
5541,VHC
5542,VHI
5543,VIAC
5544,VIACA
5545,VIAV
5546,VICI
5547,VICR
5548,VIE
5549,VIIX
5550,VIOT
5551,VIPS
5552,VIR
5553,VIRC
5554,VIRT
5555,VISL
5556,VIST
5557,VIV
5558,VIVE
5559,VIVO
5560,VJET
5561,VKI
5562,VKQ
5563,VKTX
5564,VLGEA
5565,VLO
5566,VLRS
5567,VLT
5568,VLY
5569,VLYPO
5570,VLYPP
5571,VMC
5572,VMD
5573,VMI
5574,VMM
5575,VMO
5576,VMW
5577,VNCE
5578,VNDA
5579,VNE
5580,VNET
5581,VNO
5582,VNOM
5583,VNRX
5584,VNTR
5585,VOC
5586,VOD
5587,VOLT
5588,VOXX
5589,VOYA
5590,VPG
5591,VPV
5592,VQT
5593,VRA
5594,VRAY
5595,VRCA
5596,VREX
5597,VRML
5598,VRNA
5599,VRNS
5600,VRNT
5601,VRRM
5602,VRS
5603,VRSK
5604,VRSN
5605,VRT
5606,VRTS
5607,VRTU
5608,VRTV
5609,VRTX
5610,VSAT
5611,VSEC
5612,VSH
5613,VSLR
5614,VST
5615,VSTM
5616,VSTO
5617,VTA
5618,VTGN
5619,VTIQ
5620,VTIQU
5621,VTIQW
5622,VTN
5623,VTNR
5624,VTR
5625,VTSI
5626,VTVT
5627,VUZI
5628,VVI
5629,VVNT
5630,VVPR
5631,VVR
5632,VVUS
5633,VVV
5634,VXRT
5635,VXX
5636,VXZ
5637,VYGR
5638,VZ
5639,W
5640,WAB
5641,WABC
5642,WAFD
5643,WAFU
5644,WAL
5645,WALA
5646,WASH
5647,WAT
5648,WATT
5649,WB
5650,WBA
5651,WBAI
5652,WBC
5653,WBK
5654,WBS
5655,WBT
5656,WCC
5657,WCN
5658,WD
5659,WDAY
5660,WDC
5661,WDFC
5662,WDR
5663,WEA
5664,WEBK
5665,WEC
5666,WEI
5667,WELL
5668,WEN
5669,WERN
5670,WES
5671,WETF
5672,WEX
5673,WEYS
5674,WF
5675,WFC
5676,WGO
5677,WH
5678,WHD
5679,WHF
5680,WHFBZ
5681,WHG
5682,WHLM
5683,WHLR
5684,WHLRD
5685,WHLRP
5686,WHR
5687,WIA
5688,WIFI
5689,WIL
5690,WILC
5691,WINA
5692,WING
5693,WINS
5694,WIRE
5695,WISA
5696,WIT
5697,WIW
5698,WIX
5699,WK
5700,WKEY
5701,WKHS
5702,WLDN
5703,WLFC
5704,WLK
5705,WLKP
5706,WLL
5707,WLTW
5708,WM
5709,WMB
5710,WMC
5711,WMGI
5712,WMK
5713,WMS
5714,WMT
5715,WNC
5716,WNEB
5717,WNS
5718,WOR
5719,WORK
5720,WORX
5721,WOW
5722,WPC
5723,WPG
5724,WPM
5725,WPP
5726,WPRT
5727,WPX
5728,WRB
5729,WRE
5730,WRI
5731,WRK
5732,WRLD
5733,WRLS
5734,WRLSU
5735,WRN
5736,WRTC
5737,WSBC
5738,WSBF
5739,WSC
5740,WSFS
5741,WSG
5742,WSM
5743,WSO
5744,WSR
5745,WST
5746,WSTG
5747,WSTL
5748,WTBA
5749,WTER
5750,WTFC
5751,WTFCM
5752,WTI
5753,WTIU
5754,WTM
5755,WTRE
5756,WTREP
5757,WTRG
5758,WTRH
5759,WTRU
5760,WTS
5761,WTT
5762,WTTR
5763,WU
5764,WUBA
5765,WVE
5766,WVFC
5767,WVVI
5768,WVVIP
5769,WW
5770,WWD
5771,WWE
5772,WWR
5773,WWW
5774,WY
5775,WYND
5776,WYNN
5777,WYY
5778,X
5779,XAIR
5780,XAN
5781,XBIO
5782,XBIOW
5783,XBIT
5784,XCUR
5785,XEC
5786,XEL
5787,XELA
5788,XELB
5789,XENE
5790,XENT
5791,XERS
5792,XFLT
5793,XFOR
5794,XGN
5795,XHR
5796,XIN
5797,XLNX
5798,XLRN
5799,XNCR
5800,XNET
5801,XOG
5802,XOM
5803,XOMA
5804,XONE
5805,XP
5806,XPEL
5807,XPER
5808,XPL
5809,XPO
5810,XRAY
5811,XRF
5812,XRX
5813,XSPA
5814,XTLB
5815,XTNT
5816,XVZ
5817,XXII
5818,XYF
5819,XYL
5820,Y
5821,YCBD
5822,YELP
5823,YETI
5824,YEXT
5825,YGRN
5826,YGYI
5827,YGYIP
5828,YI
5829,YIN
5830,YJ
5831,YMAB
5832,YNDX
5833,YORW
5834,YPF
5835,YRCW
5836,YRD
5837,YTEN
5838,YTRA
5839,YUM
5840,YUMA
5841,YUMC
5842,YVR
5843,YY
5844,Z
5845,ZAGG
5846,ZBH
5847,ZBRA
5848,ZCMD
5849,ZDGE
5850,ZEAL
5851,ZEN
5852,ZEUS
5853,ZFGN
5854,ZG
5855,ZGNX
5856,ZGYHU
5857,ZION
5858,ZIONL
5859,ZIONN
5860,ZIONO
5861,ZIONP
5862,ZIONW
5863,ZIOP
5864,ZIV
5865,ZIXI
5866,ZKIN
5867,ZLAB
5868,ZM
5869,ZN
5870,ZNGA
5871,ZNH
5872,ZOM
5873,ZS
5874,ZSAN
5875,ZTO
5876,ZTR
5877,ZTS
5878,ZUMZ
5879,ZUO
5880,ZVO
5881,ZYME
5882,ZYNE
5883,ZYXI
